Trial ID;Game Type;Name Model;Training Step;Race Completion;Checkpoint Max;Time;Max Time;Speed Average;Max Speed;Off Road Time;Hit Number;Max Obstacle
0;Arcade;ArcadeCar-T;2951;23;23;58,9762;300;37,09888;75;10,59278;7;33
1;Arcade;ArcadeCar-T;2963;23;23;59,2688;300;37,77956;75;17,22523;10;25
2;Arcade;ArcadeCar-T;3403;23;23;68,06336;300;32,55502;75;10,35553;19;32
3;Arcade;ArcadeCar-T;3131;23;23;62,64447;300;35,20522;75;13,50615;27;30
4;Arcade;ArcadeCar-T;2930;23;23;58,58083;300;37,62868;75;10,30412;34;30
5;Arcade;ArcadeCar-T;3553;23;23;71,0525;300;30,765;75;20,2323;40;31
6;Arcade;ArcadeCar-T;3574;23;23;71,48564;300;30,63223;75;28,74173;44;31
7;Arcade;ArcadeCar-T;2995;23;23;59,91085;300;36,36904;75;15,94535;47;33
8;Arcade;ArcadeCar-T;3978;23;23;79,55639;300;27,56308;75;18,32441;56;31
9;Arcade;ArcadeCar-T;3191;23;23;63,78409;300;34,17436;75;17,71076;60;30
10;Arcade;ArcadeCar-T;3189;23;23;63,80849;300;34,86261;75;11,4823;66;30
11;Arcade;ArcadeCar-T;14998;16;23;300;300;5,45094;75;7,117135;69;32
12;Arcade;ArcadeCar-T;2899;23;23;57,95963;300;37,0982;75;12,8942;72;32
13;Arcade;ArcadeCar-T;2674;23;23;53,43842;300;40,96083;75;9,287855;75;31
14;Arcade;ArcadeCar-T;2860;23;23;57,21477;300;37,8786;75;15,9815;79;29
15;Arcade;ArcadeCar-T;3380;23;23;67,60629;300;32,19709;75;19,25472;83;30
16;Arcade;ArcadeCar-T;2868;23;23;57,3756;300;38,01537;75;12,34544;86;26
17;Arcade;ArcadeCar-T;2650;23;23;52,96066;300;41,9894;75;9,521102;91;32
18;Arcade;ArcadeCar-T;3056;23;23;61,13747;300;35,90012;75;16,66334;96;23
19;Arcade;ArcadeCar-T;3218;23;23;64,34315;300;33,30729;75;14,91276;101;28
20;Arcade;ArcadeCar-T;2688;23;23;53,76302;300;40,50103;75;10,21905;104;24
21;Arcade;ArcadeCar-T;2592;23;23;51,84916;300;42,3514;75;9,996652;105;35
22;Arcade;ArcadeCar-T;2830;23;23;56,59205;300;38,87906;75;11,87303;108;34
23;Arcade;ArcadeCar-T;2814;23;23;56,29624;300;38,80838;75;9,560798;112;24
24;Arcade;ArcadeCar-T;3230;23;23;64,58249;300;34,19501;75;18,10611;116;22
25;Arcade;ArcadeCar-T;2862;23;23;57,26923;300;38,65684;75;13,37725;120;32
26;Arcade;ArcadeCar-T;3535;23;23;68,3;300;31,81211;75;22,37336;126;30
27;Arcade;ArcadeCar-T;2925;23;23;60,89193;300;37,82899;75;10,25404;132;32
28;Arcade;ArcadeCar-T;3121;23;23;60,39579;300;35,59096;75;11,45885;140;30
29;Arcade;ArcadeCar-T;2308;23;23;48,19975;300;47,67033;75;5,831326;142;33
30;Arcade;ArcadeCar-T;2947;23;23;56,2046;300;37,62685;75;19,00609;145;26
31;Arcade;ArcadeCar-T;2095;17;23;300;300;40,85827;75;9,884964;146;27
32;Arcade;ArcadeCar-T;2981;23;23;61,28616;300;37,51385;75;11,30347;151;32
33;Arcade;ArcadeCar-T;2787;23;23;55,90843;300;39,47752;75;12,09325;154;32
34;Arcade;ArcadeCar-T;3100;23;23;60,63709;300;35,54348;75;17,13875;158;27
35;Arcade;ArcadeCar-T;2942;23;23;59,71823;300;37,29501;75;13,04877;164;27
36;Arcade;ArcadeCar-T;2800;23;23;56,40604;300;39,43205;75;15,11755;168;32
37;Arcade;ArcadeCar-T;2527;23;23;47,61516;300;43,40892;75;8,049031;170;33
38;Arcade;ArcadeCar-T;14865;16;23;300;300;5,518221;75;13,53942;173;28
39;Arcade;ArcadeCar-T;3994;23;23;79,34138;300;29,48943;75;37,92455;181;30
40;Arcade;ArcadeCar-T;3042;23;23;60,49302;300;36,12563;75;13,88885;184;31
41;Arcade;ArcadeCar-T;3017;23;23;61,13689;300;36,62347;75;17,88298;190;32
42;Arcade;ArcadeCar-T;3550;23;23;70,03806;300;30,88062;75;21,70894;196;27
43;Arcade;ArcadeCar-T;3314;23;23;66,60859;300;32,99541;75;19,46713;201;31
44;Arcade;ArcadeCar-T;2968;23;23;59,68426;300;36,85125;75;15,67839;206;29
45;Arcade;ArcadeCar-T;2739;23;23;53,40248;300;39,42844;75;15,43433;209;30
46;Arcade;ArcadeCar-T;2662;23;23;51,67608;300;41,15788;75;10,09173;212;33
47;Arcade;ArcadeCar-T;3348;23;23;70,24018;300;33,16994;75;25,23876;218;27
48;Arcade;ArcadeCar-T;2593;23;23;51,84122;300;42,39694;75;18,08514;221;26
49;Arcade;ArcadeCar-T;2761;23;23;53,47688;300;40,0644;75;15,19787;225;32
50;Arcade;ArcadeCar-T;3080;23;23;63,38113;300;35,96398;75;15,45633;230;26
0;Arcade;ArcadeCar-000000;14999;12;23;300;300;3,79117;75;35,54365;233;33
1;Arcade;ArcadeCar-000000;5394;23;23;107,7497;300;18,94908;75;69,55235;240;21
2;Arcade;ArcadeCar-000000;14997;16;23;300;300;5,143189;75;37,70353;243;28
3;Arcade;ArcadeCar-000000;15002;20;23;300;300;6,593104;75;66,9228;246;30
4;Arcade;ArcadeCar-000000;15001;8;23;300;300;2,692598;75;289,9341;249;29
5;Arcade;ArcadeCar-000000;4783;23;23;95,60895;300;22,33201;75;60,08866;251;26
6;Arcade;ArcadeCar-000000;14999;18;23;300;300;5,99192;75;264,1081;253;32
7;Arcade;ArcadeCar-000000;15003;6;23;300;300;2,176179;75;19,44118;255;32
8;Arcade;ArcadeCar-000000;5353;23;23;107,0437;300;19,14274;75;66,3932;261;35
9;Arcade;ArcadeCar-000000;8298;23;23;165,9217;300;12,76051;75;80,68175;270;35
10;Arcade;ArcadeCar-000000;1670;7;23;300;300;19,41607;75;21,41924;272;33
11;Arcade;ArcadeCar-000000;15003;7;23;300;300;2,570913;75;22,16501;273;29
12;Arcade;ArcadeCar-000000;1135;7;23;300;300;29,67118;75;10,85087;274;26
13;Arcade;ArcadeCar-000000;14998;2;23;300;300;1,343353;75;295,2268;275;28
14;Arcade;ArcadeCar-000000;15001;7;23;300;300;2,499054;75;13,72365;278;31
15;Arcade;ArcadeCar-000000;15001;15;23;300;300;4,672795;75;24,96789;282;27
16;Arcade;ArcadeCar-000000;15002;17;23;300;300;5,206414;75;47,49681;285;30
17;Arcade;ArcadeCar-000000;15002;20;23;300;300;6,376751;75;71,96488;289;28
18;Arcade;ArcadeCar-000000;8003;23;23;160,0039;300;13,42261;75;65,48828;295;31
19;Arcade;ArcadeCar-000000;14997;5;23;300;300;2,113428;75;3,462934;296;29
20;Arcade;ArcadeCar-000000;5049;23;23;100,9104;300;21,13691;75;63,85196;300;32
21;Arcade;ArcadeCar-000000;4922;23;23;98,38438;300;21,36388;75;57,6268;304;28
22;Arcade;ArcadeCar-000000;5782;23;23;115,6973;300;17,87468;75;73,88071;309;30
23;Arcade;ArcadeCar-000000;4809;23;23;96,19848;300;21,45652;75;60,30303;312;22
24;Arcade;ArcadeCar-000000;4947;23;23;98,95898;300;20,46931;75;65,90158;316;30
25;Arcade;ArcadeCar-000000;15002;8;23;300;300;2,813992;75;48,57562;318;27
26;Arcade;ArcadeCar-000000;5048;23;23;100,9479;300;20,44396;75;61,18084;323;27
27;Arcade;ArcadeCar-000000;15000;17;23;300;300;5,203006;75;51,15622;329;32
28;Arcade;ArcadeCar-000000;15000;16;23;300;300;4,830175;75;273,4777;335;29
29;Arcade;ArcadeCar-000000;15001;7;23;300;300;2,351933;75;294,1252;337;28
30;Arcade;ArcadeCar-000000;6150;23;23;122,9821;300;17,44276;75;37,42799;344;27
31;Arcade;ArcadeCar-000000;15002;20;23;300;300;6,34963;75;274,6184;348;26
32;Arcade;ArcadeCar-000000;15002;16;23;300;300;5,149059;75;272,4556;353;34
33;Arcade;ArcadeCar-000000;15002;3;23;300;300;1,67301;75;239,8284;356;30
34;Arcade;ArcadeCar-000000;13121;23;23;262,3698;300;8,034227;75;87,42989;360;30
35;Arcade;ArcadeCar-000000;4991;23;23;99,81313;300;20,97173;75;57,44934;364;28
36;Arcade;ArcadeCar-000000;15000;5;23;300;300;2,067841;75;2,655818;366;27
37;Arcade;ArcadeCar-000000;15000;20;23;300;300;6,271434;75;270,4637;371;28
38;Arcade;ArcadeCar-000000;15004;3;23;300;300;1,457392;75;76,27595;374;26
39;Arcade;ArcadeCar-000000;5099;23;23;101,9534;300;20,08818;75;68,77843;376;29
40;Arcade;ArcadeCar-000000;15001;20;23;300;300;6,583925;75;264,1659;381;31
41;Arcade;ArcadeCar-000000;15001;22;23;300;300;7,268962;75;255,4843;385;33
42;Arcade;ArcadeCar-000000;15004;8;23;300;300;2,938348;75;25,71614;387;28
43;Arcade;ArcadeCar-000000;15003;3;23;300;300;1,439081;75;291,9514;389;34
44;Arcade;ArcadeCar-000000;15003;7;23;300;300;2,420977;75;291,9752;390;32
45;Arcade;ArcadeCar-000000;15003;15;23;300;300;4,622626;75;32,7949;394;28
46;Arcade;ArcadeCar-000000;15006;3;23;300;300;1,431379;75;292,5103;396;26
47;Arcade;ArcadeCar-000000;15004;18;23;300;300;5,766612;75;257,8206;402;29
48;Arcade;ArcadeCar-000000;15002;21;23;300;300;6,504709;75;80,59216;410;27
49;Arcade;ArcadeCar-000000;15004;1;23;300;300;0,7401177;75;0,199352;411;34
50;Arcade;ArcadeCar-000000;15000;17;23;300;300;5,51876;75;19,74771;414;24
0;Arcade;ArcadeCar-99979;6332;23;23;126,5532;300;17,00784;75;49,32865;417;31
1;Arcade;ArcadeCar-99979;3867;23;23;77,38425;300;28,38605;75;34,03226;422;24
2;Arcade;ArcadeCar-99979;14999;9;23;300;300;3,258929;75;12,51077;424;22
3;Arcade;ArcadeCar-99979;3142;23;23;62,81882;300;33,9307;75;20,55909;428;26
4;Arcade;ArcadeCar-99979;15002;20;23;300;300;6,743833;75;20,32773;433;28
5;Arcade;ArcadeCar-99979;15001;7;23;300;300;2,649382;75;288,4491;435;27
6;Arcade;ArcadeCar-99979;4753;23;23;95,0099;300;22,74552;75;49,69292;439;32
7;Arcade;ArcadeCar-99979;3440;23;23;68,78706;300;31,69606;75;16,98567;445;32
8;Arcade;ArcadeCar-99979;7280;23;23;145,6245;300;15,15503;75;54,58879;452;29
9;Arcade;ArcadeCar-99979;5253;23;23;105,0594;300;20,99452;75;31,16396;458;33
10;Arcade;ArcadeCar-99979;8881;23;23;177,6222;300;12,54359;75;113,5227;464;30
11;Arcade;ArcadeCar-99979;15002;8;23;300;300;3,069024;75;280,7502;468;25
12;Arcade;ArcadeCar-99979;15003;15;23;300;300;4,866044;75;22,28461;472;30
13;Arcade;ArcadeCar-99979;3465;23;23;67,00793;300;31,17091;75;31,09489;475;24
14;Arcade;ArcadeCar-99979;3378;23;23;67,67299;300;32,25627;75;18,74034;477;26
15;Arcade;ArcadeCar-99979;14892;20;23;300;300;7,125991;75;26,65524;481;32
16;Arcade;ArcadeCar-99979;15003;7;23;300;300;2,562123;75;5,642245;484;25
17;Arcade;ArcadeCar-99979;3786;23;23;73,72424;300;27,4753;75;37,01673;488;31
18;Arcade;ArcadeCar-99979;14976;1;23;300;300;0,7397269;75;0;489;34
19;Arcade;ArcadeCar-99979;3626;23;23;70,93746;300;30,22722;75;21,18175;497;29
20;Arcade;ArcadeCar-99979;14923;17;23;300;300;5,658571;75;18,62585;500;26
21;Arcade;ArcadeCar-99979;15001;22;23;300;300;7,329371;75;47,14688;506;33
22;Arcade;ArcadeCar-99979;15037;17;23;300;300;5,600894;75;48,35116;509;30
23;Arcade;ArcadeCar-99979;9597;23;23;189,799;300;11,8527;75;103,1019;513;32
24;Arcade;ArcadeCar-99979;14985;5;23;300;300;2,131066;75;2,988566;514;30
25;Arcade;ArcadeCar-99979;14508;23;23;290,1213;300;7,871853;75;238,2001;523;29
26;Arcade;ArcadeCar-99979;12078;23;23;239,548;300;9,330627;75;13,93603;526;28
27;Arcade;ArcadeCar-99979;3516;23;23;70,33675;300;31,16568;75;31,11662;529;27
28;Arcade;ArcadeCar-99979;5131;23;23;103,2642;300;20,99228;75;38,94455;533;29
29;Arcade;ArcadeCar-99979;14989;4;23;300;300;2,004145;75;1,548227;534;31
30;Arcade;ArcadeCar-99979;15002;3;23;300;300;1,530399;75;294,9383;536;30
31;Arcade;ArcadeCar-99979;15019;10;23;300;300;3,40116;75;3,041293;538;28
32;Arcade;ArcadeCar-99979;15125;14;23;300;300;4,868163;75;19,14587;541;32
33;Arcade;ArcadeCar-99979;11070;23;23;221,333;300;9,83501;75;58,52375;547;33
34;Arcade;ArcadeCar-99979;14997;5;23;300;300;2,12723;75;4,11866;549;26
35;Arcade;ArcadeCar-99979;15013;15;23;300;300;5,033767;75;12,69848;551;26
36;Arcade;ArcadeCar-99979;4135;23;23;79,80399;300;26,13196;75;50,75372;552;33
37;Arcade;ArcadeCar-99979;3707;23;23;74,02541;300;29,49644;75;31,91795;555;27
38;Arcade;ArcadeCar-99979;15014;20;23;300;300;6,591758;75;266,1482;560;28
39;Arcade;ArcadeCar-99979;4418;23;23;88,34424;300;24,79095;75;36,67091;564;27
40;Arcade;ArcadeCar-99979;15000;16;23;300;300;5,491247;75;258,2153;571;33
41;Arcade;ArcadeCar-99979;5129;23;23;102,508;300;21,3055;75;57,88622;578;34
42;Arcade;ArcadeCar-99979;14997;13;23;300;300;4,319539;75;4,990541;581;25
43;Arcade;ArcadeCar-99979;4588;23;23;91,6942;300;23,40131;75;42,61743;591;33
44;Arcade;ArcadeCar-99979;4837;23;23;95,17227;300;21,026;75;31,23545;598;29
45;Arcade;ArcadeCar-99979;12123;23;23;240,9449;300;9,581706;75;43,69086;603;28
46;Arcade;ArcadeCar-99979;14845;22;23;300;300;7,244191;75;61,13975;609;31
47;Arcade;ArcadeCar-99979;15016;21;23;300;300;7,249374;75;240,7976;613;36
48;Arcade;ArcadeCar-99979;4194;23;23;83,54726;300;25,19724;75;48,38919;615;29
49;Arcade;ArcadeCar-99979;3827;23;23;76,82749;300;28,32755;75;45,82124;617;30
50;Arcade;ArcadeCar-99979;4023;23;23;79,48934;300;27,97782;75;19,08422;621;33
0;Arcade;ArcadeCar-199932;2971;23;23;59,34624;300;36,99089;75;17,25108;625;27
1;Arcade;ArcadeCar-199932;15006;4;23;300;300;1,74468;75;4,468941;627;27
2;Arcade;ArcadeCar-199932;2988;23;23;57,25021;300;35,72712;75;10,95009;631;25
3;Arcade;ArcadeCar-199932;13935;23;23;279,1616;300;8,148759;75;228,4938;635;31
4;Arcade;ArcadeCar-199932;6920;23;23;140,3761;300;16,23232;75;92,31359;640;33
5;Arcade;ArcadeCar-199932;15007;7;23;300;300;2,738166;75;6,100959;641;35
6;Arcade;ArcadeCar-199932;15125;15;23;300;300;4,99281;75;12,13346;645;31
7;Arcade;ArcadeCar-199932;2802;23;23;52,88978;300;37,98411;75;17,46333;647;25
8;Arcade;ArcadeCar-199932;14894;5;23;300;300;2,127343;75;3,333333;648;34
9;Arcade;ArcadeCar-199932;3500;23;23;68,65173;300;31,47125;75;21,16956;651;32
10;Arcade;ArcadeCar-199932;3539;23;23;68,95453;300;30,55762;75;12,89532;658;29
11;Arcade;ArcadeCar-199932;2665;23;23;55,57464;300;40,41839;75;22,23666;662;24
12;Arcade;ArcadeCar-199932;4172;23;23;82,07639;300;25,45429;75;18,95255;667;33
13;Arcade;ArcadeCar-199932;14984;8;23;300;300;2,932664;75;4,670625;670;29
14;Arcade;ArcadeCar-199932;3127;23;23;62,49017;300;34,58134;75;17,78051;672;27
15;Arcade;ArcadeCar-199932;15163;16;23;300;300;5,123405;75;265,3011;678;26
16;Arcade;ArcadeCar-199932;3540;23;23;70,73503;300;29,8038;75;10,53366;682;29
17;Arcade;ArcadeCar-199932;2755;23;23;55,11557;300;38,80613;75;23,16253;685;26
18;Arcade;ArcadeCar-199932;3152;23;23;63,03432;300;34,63784;75;11,12728;691;24
19;Arcade;ArcadeCar-199932;3312;23;23;65,18711;300;32,43577;75;10,67157;697;26
20;Arcade;ArcadeCar-199932;15042;1;23;300;300;0,7392492;75;1,169558;698;29
21;Arcade;ArcadeCar-199932;2802;23;23;52,84645;300;37,84227;75;11,59751;702;21
22;Arcade;ArcadeCar-199932;2904;23;23;60,60101;300;36,77102;75;19,05347;708;29
23;Arcade;ArcadeCar-199932;3024;23;23;61,0457;300;36,35188;75;12,15193;711;30
24;Arcade;ArcadeCar-199932;12100;23;23;240,2142;300;9,229528;75;13,00922;716;27
25;Arcade;ArcadeCar-199932;14910;15;23;300;300;4,916423;75;12,34312;718;35
26;Arcade;ArcadeCar-199932;8155;23;23;163,0442;300;13,30868;75;23,96055;724;30
27;Arcade;ArcadeCar-199932;2679;23;23;53,62405;300;40,25467;75;10,40334;725;27
28;Arcade;ArcadeCar-199932;15000;10;23;300;300;3,399573;75;281,0316;727;31
29;Arcade;ArcadeCar-199932;3574;23;23;71,41487;300;29,78034;75;16,9994;734;27
30;Arcade;ArcadeCar-199932;2739;23;23;54,80844;300;39,17811;75;11,90886;737;23
31;Arcade;ArcadeCar-199932;15000;10;23;300;300;3,446229;75;5,878104;740;32
32;Arcade;ArcadeCar-199932;15004;17;23;300;300;5,459036;75;16,48095;747;30
33;Arcade;ArcadeCar-199932;3401;23;23;67,9806;300;31,05291;75;19,26964;752;30
34;Arcade;ArcadeCar-199932;15000;9;23;300;300;3,229206;75;10,32363;753;31
35;Arcade;ArcadeCar-199932;15001;7;23;300;300;2,570897;75;17,40394;755;28
36;Arcade;ArcadeCar-199932;2832;23;23;56,57763;300;37,6706;75;14,78876;758;24
37;Arcade;ArcadeCar-199932;14998;18;23;300;300;5,966443;75;6,162465;759;28
38;Arcade;ArcadeCar-199932;3347;23;23;66,87183;300;31,5803;75;17,8332;765;31
39;Arcade;ArcadeCar-199932;3408;23;23;68,17807;300;30,86689;75;14,45055;772;29
40;Arcade;ArcadeCar-199932;14999;22;23;300;300;7,277655;75;11,17547;778;30
41;Arcade;ArcadeCar-199932;15003;10;23;300;300;3,427417;75;8,613865;780;29
42;Arcade;ArcadeCar-199932;15002;7;23;300;300;2,606174;75;287,8381;782;30
43;Arcade;ArcadeCar-199932;2529;23;23;50,56384;300;42,87601;75;6,121154;785;30
44;Arcade;ArcadeCar-199932;15002;17;23;300;300;5,645416;75;149,2405;790;27
45;Arcade;ArcadeCar-199932;15005;3;23;300;300;1,469173;75;294,1548;792;29
46;Arcade;ArcadeCar-199932;15001;14;23;300;300;4,548881;75;17,6699;795;33
47;Arcade;ArcadeCar-199932;15003;19;23;300;300;6,363196;75;6,37676;803;28
48;Arcade;ArcadeCar-199932;3016;23;23;60,25002;300;35,69592;75;12,85331;807;27
49;Arcade;ArcadeCar-199932;2755;23;23;55,10594;300;39,29745;75;13,38933;808;29
50;Arcade;ArcadeCar-199932;2754;23;23;55,08801;300;38,32413;75;12,65926;811;30
0;Arcade;ArcadeCar-299955;14999;16;23;300;300;5,461468;75;13,94024;816;32
1;Arcade;ArcadeCar-299955;2989;23;23;59,74976;300;35,95916;75;10,44581;822;29
2;Arcade;ArcadeCar-299955;15000;13;23;300;300;4,370194;75;10,64214;828;35
3;Arcade;ArcadeCar-299955;2637;23;23;52,70496;300;40,71919;75;8,128933;834;29
4;Arcade;ArcadeCar-299955;3198;23;23;63,94515;300;33,68749;75;15,06245;840;32
5;Arcade;ArcadeCar-299955;14690;23;23;293,7699;300;7,829025;75;21,41635;845;32
6;Arcade;ArcadeCar-299955;14999;4;23;300;300;2,034302;75;3,264393;846;29
7;Arcade;ArcadeCar-299955;9862;23;23;197,2057;300;11,13106;75;11,78534;851;23
8;Arcade;ArcadeCar-299955;15000;17;23;300;300;5,562993;75;8,21952;855;27
9;Arcade;ArcadeCar-299955;15001;3;23;300;300;1,621842;75;2,887592;856;27
10;Arcade;ArcadeCar-299955;13754;23;23;275,0499;300;8,366986;75;13,79208;863;30
11;Arcade;ArcadeCar-299955;9513;23;23;190,2828;300;11,62312;75;11,31325;870;30
12;Arcade;ArcadeCar-299955;3171;23;23;63,35574;300;34,42199;75;15,3835;877;34
13;Arcade;ArcadeCar-299955;2988;23;23;59,82914;300;36,46963;75;9,709136;885;26
14;Arcade;ArcadeCar-299955;2911;23;23;58,164;300;37,29739;75;10,47082;890;33
15;Arcade;ArcadeCar-299955;14998;4;23;300;300;1,970331;75;2,744633;891;31
16;Arcade;ArcadeCar-299955;7908;23;23;158,0938;300;14,12094;75;14,11109;899;31
17;Arcade;ArcadeCar-299955;2894;23;23;57,93155;300;37,30561;75;10,89813;903;25
18;Arcade;ArcadeCar-299955;3159;23;23;63,10484;300;33,36209;75;16,56357;907;31
19;Arcade;ArcadeCar-299955;3011;23;23;60,29677;300;35,21325;75;13,43523;912;34
20;Arcade;ArcadeCar-299955;6005;23;23;120,1023;300;18,16789;75;7,618468;916;27
21;Arcade;ArcadeCar-299955;15001;14;23;300;300;4,852036;75;6,022705;918;29
22;Arcade;ArcadeCar-299955;15001;13;23;300;300;4,333683;75;8,214298;923;28
23;Arcade;ArcadeCar-299955;9307;23;23;186,0637;300;11,77338;75;9,59589;927;29
24;Arcade;ArcadeCar-299955;2666;23;23;53,33554;300;39,19515;75;11,27222;929;27
25;Arcade;ArcadeCar-299955;3008;23;23;60,20425;300;36,23108;75;16,01175;933;29
26;Arcade;ArcadeCar-299955;15000;10;23;300;300;3,361555;75;2,290923;936;30
27;Arcade;ArcadeCar-299955;15002;3;23;300;300;1,55573;75;294,3689;937;27
28;Arcade;ArcadeCar-299955;15002;9;23;300;300;3,307884;75;4,362966;939;26
29;Arcade;ArcadeCar-299955;2917;23;23;58,26939;300;37,80362;75;14,60806;942;29
30;Arcade;ArcadeCar-299955;14998;17;23;300;300;5,621254;75;6,723192;947;27
31;Arcade;ArcadeCar-299955;2550;23;23;50,93502;300;41,38622;75;10,3384;948;28
32;Arcade;ArcadeCar-299955;2665;23;23;53,3394;300;40,81981;75;8,254571;952;25
33;Arcade;ArcadeCar-299955;3305;23;23;66,06025;300;32,71033;75;16,54986;959;26
34;Arcade;ArcadeCar-299955;14998;21;23;300;300;6,951175;75;10,95516;965;27
35;Arcade;ArcadeCar-299955;2880;23;23;57,52196;300;37,45506;75;11,81422;972;32
36;Arcade;ArcadeCar-299955;3569;23;23;71,42982;300;30,35384;75;12,34869;980;26
37;Arcade;ArcadeCar-299955;2958;23;23;59,12576;300;36,25845;75;17,36871;983;27
38;Arcade;ArcadeCar-299955;3029;23;23;60,50553;300;36,03251;75;9,213731;988;27
39;Arcade;ArcadeCar-299955;14993;3;23;300;300;1,442719;75;1,339032;992;30
40;Arcade;ArcadeCar-299955;15004;13;23;300;300;4,354151;75;6,164332;996;31
41;Arcade;ArcadeCar-299955;2578;23;23;51,47951;300;41,05603;75;8,414;999;31
42;Arcade;ArcadeCar-299955;2700;23;23;53,9839;300;39,49391;75;8,277518;1004;30
43;Arcade;ArcadeCar-299955;14999;1;23;300;300;0,9518651;75;0,272048;1005;30
44;Arcade;ArcadeCar-299955;4072;23;23;81,42799;300;26,5941;75;7,909132;1015;28
45;Arcade;ArcadeCar-299955;15000;11;23;300;300;3,846457;75;6,211999;1017;31
46;Arcade;ArcadeCar-299955;4034;23;23;80,62091;300;26,39156;75;12,63659;1024;30
47;Arcade;ArcadeCar-299955;3355;23;23;67,12036;300;31,89247;75;14,99407;1030;34
48;Arcade;ArcadeCar-299955;3510;23;23;70,20277;300;30,74247;75;17,82409;1035;30
49;Arcade;ArcadeCar-299955;15002;19;23;300;300;6,393018;75;6,274518;1040;28
50;Arcade;ArcadeCar-299955;15003;22;23;300;300;7,163037;75;13,50719;1042;29
0;Arcade;ArcadeCar-399882;4826;23;23;96,47947;300;22,6295;75;9,100486;1046;33
1;Arcade;ArcadeCar-399882;2572;23;23;51,43069;300;42,13192;75;7,531672;1049;25
2;Arcade;ArcadeCar-399882;4373;23;23;87,46896;300;24,6735;75;9,535475;1053;26
3;Arcade;ArcadeCar-399882;2975;23;23;59,50723;300;36,40441;75;12,27964;1059;33
4;Arcade;ArcadeCar-399882;14999;7;23;300;300;2,819116;75;4,12132;1060;33
5;Arcade;ArcadeCar-399882;4776;23;23;95,45032;300;22,65714;75;8,779047;1066;30
6;Arcade;ArcadeCar-399882;3409;23;23;68,20451;300;32,22989;75;10,97792;1072;25
7;Arcade;ArcadeCar-399882;2775;23;23;55,51253;300;38,92026;75;7,519297;1077;25
8;Arcade;ArcadeCar-399882;3454;23;23;69,06651;300;31,55753;75;16,56471;1083;35
9;Arcade;ArcadeCar-399882;6368;23;23;127,3146;300;17,22798;75;7,761234;1087;29
10;Arcade;ArcadeCar-399882;14996;5;23;300;300;2,215828;75;2,581072;1088;26
11;Arcade;ArcadeCar-399882;15000;20;23;300;300;6,895854;75;257,7818;1092;36
12;Arcade;ArcadeCar-399882;3790;23;23;75,78086;300;28,53581;75;14,83394;1099;34
13;Arcade;ArcadeCar-399882;7773;23;23;155,4751;300;14,4032;75;20,6734;1103;30
14;Arcade;ArcadeCar-399882;2585;23;23;51,69877;300;41,38903;75;7,852343;1106;27
15;Arcade;ArcadeCar-399882;2880;23;23;57,58474;300;37,70694;75;7,388623;1109;27
16;Arcade;ArcadeCar-399882;3052;23;23;61,03856;300;34,61844;75;10,28501;1114;30
17;Arcade;ArcadeCar-399882;2778;23;23;55,57635;300;38,21306;75;12,71672;1117;30
18;Arcade;ArcadeCar-399882;3156;23;23;63,10346;300;34,55631;75;10,27341;1124;29
19;Arcade;ArcadeCar-399882;2921;23;23;58,43552;300;37,14191;75;12,24714;1128;30
20;Arcade;ArcadeCar-399882;8576;23;23;171,5225;300;13,14092;75;10,51803;1132;28
21;Arcade;ArcadeCar-399882;2908;23;23;58,15657;300;38,21503;75;9,991899;1137;35
22;Arcade;ArcadeCar-399882;2417;23;23;48,32956;300;44,61276;75;8,468831;1137;28
23;Arcade;ArcadeCar-399882;3036;23;23;60,71545;300;35,79344;75;12,66597;1143;29
24;Arcade;ArcadeCar-399882;14999;4;23;300;300;2,017133;75;3,337117;1144;33
25;Arcade;ArcadeCar-399882;2941;23;23;58,80314;300;36,56774;75;6,41305;1147;33
26;Arcade;ArcadeCar-399882;3760;23;23;75,19939;300;29,02692;75;23,23569;1149;33
27;Arcade;ArcadeCar-399882;15000;6;23;300;300;2,495842;75;280,5291;1152;31
28;Arcade;ArcadeCar-399882;2562;23;23;51,21588;300;42,67544;75;8,732018;1155;25
29;Arcade;ArcadeCar-399882;3041;23;23;60,8376;300;36,11198;75;15,31693;1160;27
30;Arcade;ArcadeCar-399882;2677;23;23;53,52401;300;40,49776;75;11,37388;1163;31
31;Arcade;ArcadeCar-399882;3845;23;23;76,91387;300;28,11011;75;10,38441;1174;27
32;Arcade;ArcadeCar-399882;14999;11;23;300;300;3,892009;75;5,332211;1177;31
33;Arcade;ArcadeCar-399882;3911;23;23;78,20152;300;28,04996;75;5,89097;1181;26
34;Arcade;ArcadeCar-399882;2544;23;23;50,87666;300;42,66425;75;7,284176;1185;30
35;Arcade;ArcadeCar-399882;2628;23;23;52,51939;300;41,49843;75;10,84204;1189;32
36;Arcade;ArcadeCar-399882;3517;23;23;70,36707;300;30,50869;75;15,78234;1194;30
37;Arcade;ArcadeCar-399882;2697;23;23;53,95429;300;39,71494;75;9,200418;1198;29
38;Arcade;ArcadeCar-399882;2737;23;23;54,72667;300;39,84318;75;9,971889;1204;30
39;Arcade;ArcadeCar-399882;2664;23;23;53,27961;300;41,26812;75;7,933089;1206;28
40;Arcade;ArcadeCar-399882;14509;23;23;290,1911;300;7,918095;75;9,558019;1208;30
41;Arcade;ArcadeCar-399882;12013;23;23;240,2514;300;9,31868;75;7,128902;1214;30
42;Arcade;ArcadeCar-399882;3387;23;23;67,75237;300;32,14186;75;15,37212;1218;33
43;Arcade;ArcadeCar-399882;4322;23;23;86,44226;300;25,16113;75;10,88076;1223;31
44;Arcade;ArcadeCar-399882;10234;23;23;204,6783;300;10,97786;75;10,20524;1229;27
45;Arcade;ArcadeCar-399882;3061;23;23;61,20308;300;35,29757;75;7,387875;1234;35
46;Arcade;ArcadeCar-399882;4519;23;23;90,39866;300;24,2935;75;8,815526;1238;29
47;Arcade;ArcadeCar-399882;3152;23;23;63,0355;300;34,70431;75;11,32831;1245;29
48;Arcade;ArcadeCar-399882;2750;23;23;54,99993;300;39,63254;75;8,989175;1250;29
49;Arcade;ArcadeCar-399882;8435;23;23;168,6956;300;13,07882;75;12,8445;1257;29
50;Arcade;ArcadeCar-399882;15000;4;23;300;300;1,818179;75;2,096264;1258;31
0;Arcade;ArcadeCar-499980;3008;23;23;60,13359;300;36,23938;75;9,943598;1264;28
1;Arcade;ArcadeCar-499980;2351;23;23;47,0321;300;45,41936;75;7,372797;1264;22
2;Arcade;ArcadeCar-499980;14999;19;23;300;300;6,340325;75;260,243;1269;25
3;Arcade;ArcadeCar-499980;2505;23;23;50,07993;300;43,43594;75;7,01474;1272;27
4;Arcade;ArcadeCar-499980;2664;23;23;53,2799;300;40,38362;75;8,825708;1274;25
5;Arcade;ArcadeCar-499980;15000;17;23;300;300;5,865635;75;6,913735;1277;30
6;Arcade;ArcadeCar-499980;2553;23;23;51,03713;300;42,22597;75;7,931809;1279;30
7;Arcade;ArcadeCar-499980;3178;23;23;63,56004;300;34,34764;75;7,051517;1283;31
8;Arcade;ArcadeCar-499980;4003;23;23;80,07722;300;27,31538;75;7,40971;1290;30
9;Arcade;ArcadeCar-499980;15000;7;23;300;300;2,838896;75;3,984806;1292;32
10;Arcade;ArcadeCar-499980;15001;5;23;300;300;2,182261;75;2,400109;1293;34
11;Arcade;ArcadeCar-499980;2862;23;23;57,22121;300;38,07327;75;8,185145;1297;32
12;Arcade;ArcadeCar-499980;15000;11;23;300;300;3,802398;75;3,44818;1302;27
13;Arcade;ArcadeCar-499980;2694;23;23;53,854;300;40,81096;75;9,217052;1305;30
14;Arcade;ArcadeCar-499980;2548;23;23;50,96077;300;42,33787;75;11,05396;1308;32
15;Arcade;ArcadeCar-499980;2752;23;23;55,03698;300;39,56424;75;8,983597;1315;29
16;Arcade;ArcadeCar-499980;2927;23;23;58,55653;300;37,15813;75;9,33857;1319;28
17;Arcade;ArcadeCar-499980;15000;10;23;300;300;3,525086;75;281,152;1321;28
18;Arcade;ArcadeCar-499980;2805;23;23;56,08066;300;38,67476;75;7,968514;1325;27
19;Arcade;ArcadeCar-499980;15000;3;23;300;300;1,675481;75;2,546889;1326;30
20;Arcade;ArcadeCar-499980;2480;23;23;49,57935;300;43,60145;75;8,720611;1328;26
21;Arcade;ArcadeCar-499980;2882;23;23;57,64289;300;37,94679;75;12,69815;1331;32
22;Arcade;ArcadeCar-499980;3005;23;23;60,11455;300;36,01428;75;10,47785;1339;34
23;Arcade;ArcadeCar-499980;3279;23;23;65,56226;300;33,41312;75;12,1909;1344;27
24;Arcade;ArcadeCar-499980;3413;23;23;68,27833;300;32,02573;75;6,901909;1350;27
25;Arcade;ArcadeCar-499980;15000;14;23;300;300;4,778874;75;4,949224;1355;28
26;Arcade;ArcadeCar-499980;916;7;23;300;300;37,71199;75;4,151309;1357;34
27;Arcade;ArcadeCar-499980;15000;14;23;300;300;4,604451;75;9,082813;1362;26
28;Arcade;ArcadeCar-499980;15001;20;23;300;300;6,951361;75;13,92683;1367;34
29;Arcade;ArcadeCar-499980;2821;23;23;56,41308;300;38,47119;75;11,04726;1371;31
30;Arcade;ArcadeCar-499980;2631;23;23;52,60609;300;41,25069;75;7,793619;1375;29
31;Arcade;ArcadeCar-499980;3491;23;23;69,83456;300;31,88402;75;10,86199;1381;29
32;Arcade;ArcadeCar-499980;2775;23;23;55,48607;300;38,71574;75;11,15146;1386;28
33;Arcade;ArcadeCar-499980;14999;14;23;300;300;4,738979;75;3,848893;1391;33
34;Arcade;ArcadeCar-499980;3440;23;23;68,79235;300;31,82607;75;11,22303;1398;28
35;Arcade;ArcadeCar-499980;3143;23;23;62,84262;300;34,29758;75;10,71054;1404;27
36;Arcade;ArcadeCar-499980;14999;15;23;300;300;5,019099;75;5,581854;1407;31
37;Arcade;ArcadeCar-499980;2681;23;23;53,59902;300;40,17978;75;9,328105;1411;31
38;Arcade;ArcadeCar-499980;3239;23;23;64,79526;300;33,77262;75;11,73043;1417;28
39;Arcade;ArcadeCar-499980;11084;23;23;221,6805;300;10,40493;75;15,18284;1423;32
40;Arcade;ArcadeCar-499980;2514;23;23;50,27708;300;42,6659;75;7,473653;1428;35
41;Arcade;ArcadeCar-499980;2758;23;23;55,16268;300;39,05268;75;10,42916;1431;29
42;Arcade;ArcadeCar-499980;2567;23;23;51,34169;300;41,81867;75;11,69701;1433;29
43;Arcade;ArcadeCar-499980;2819;23;23;56,37962;300;38,50654;75;7,492898;1439;33
44;Arcade;ArcadeCar-499980;15000;15;23;300;300;4,966811;75;8,863165;1445;31
45;Arcade;ArcadeCar-499980;4052;23;23;81,03208;300;27,0063;75;7,669606;1446;30
46;Arcade;ArcadeCar-499980;14999;6;23;300;300;2,497975;75;2,35284;1448;24
47;Arcade;ArcadeCar-499980;2834;23;23;56,64571;300;38,59195;75;9,235465;1451;29
48;Arcade;ArcadeCar-499980;3170;23;23;63,39867;300;34,67543;75;15,05773;1457;31
49;Arcade;ArcadeCar-499980;2748;23;23;54,95957;300;39,82119;75;8,140337;1460;33
50;Arcade;ArcadeCar-499980;14999;21;23;300;300;7,153236;75;260,8248;1463;29
0;Arcade;ArcadeCar-599946;3103;23;23;62,05545;300;34,71701;75;7,765995;8;31
1;Arcade;ArcadeCar-599946;2647;23;23;52,9255;300;40,58775;75;6,10546;12;32
2;Arcade;ArcadeCar-599946;2670;23;23;53,39952;300;40,69709;75;8,424572;15;23
3;Arcade;ArcadeCar-599946;3870;23;23;77,41887;300;28,30752;75;8,298494;22;33
4;Arcade;ArcadeCar-599946;5588;23;23;111,7466;300;19,27493;75;8,449381;26;30
5;Arcade;ArcadeCar-599946;2917;23;23;58,3534;300;37,71581;75;8,288876;33;30
6;Arcade;ArcadeCar-599946;9533;23;23;190,6418;300;11,63354;75;143,0249;39;27
7;Arcade;ArcadeCar-599946;2651;23;23;53,03717;300;40,70017;75;10,22613;42;28
8;Arcade;ArcadeCar-599946;2543;23;23;50,84123;300;42,69135;75;8,247582;43;27
9;Arcade;ArcadeCar-599946;14999;7;23;300;300;2,89359;75;285,4156;45;29
10;Arcade;ArcadeCar-599946;15000;4;23;300;300;1,791466;75;2,719176;46;27
11;Arcade;ArcadeCar-599946;2977;23;23;59,51991;300;36,99239;75;8,382691;49;26
12;Arcade;ArcadeCar-599946;3159;23;23;63,19499;300;34,33714;75;6,929487;54;30
13;Arcade;ArcadeCar-599946;3014;23;23;60,27924;300;36,1233;75;9,896403;59;27
14;Arcade;ArcadeCar-599946;2868;23;23;57,35812;300;38,10096;75;9,722332;63;23
15;Arcade;ArcadeCar-599946;3204;23;23;64,08116;300;33,49131;75;11,73805;66;29
16;Arcade;ArcadeCar-599946;3165;23;23;63,2845;300;34,24844;75;12,58999;74;30
17;Arcade;ArcadeCar-599946;3057;23;23;61,12487;300;35,34518;75;13,19837;80;33
18;Arcade;ArcadeCar-599946;2962;23;23;59,27022;300;37,13893;75;7,322847;85;26
19;Arcade;ArcadeCar-599946;4091;23;23;81,80605;300;26,52821;75;11,64448;87;28
20;Arcade;ArcadeCar-599946;3053;23;23;61,07301;300;35,98471;75;13,50217;92;29
21;Arcade;ArcadeCar-599946;15000;10;23;300;300;3,46013;75;4,862122;93;33
22;Arcade;ArcadeCar-599946;5683;23;23;113,6389;300;19,01491;75;5,962996;101;34
23;Arcade;ArcadeCar-599946;14999;15;23;300;300;5,039252;75;274,1725;104;31
24;Arcade;ArcadeCar-599946;3028;23;23;60,55318;300;35,83321;75;9,078526;111;31
25;Arcade;ArcadeCar-599946;2918;23;23;58,35878;300;37,13664;75;8,171214;116;36
26;Arcade;ArcadeCar-599946;3120;23;23;62,40203;300;35,98368;75;8,483269;122;30
27;Arcade;ArcadeCar-599946;2751;23;23;55,00401;300;39,32122;75;11,49823;127;34
28;Arcade;ArcadeCar-599946;15000;17;23;300;300;5,807141;75;6,262979;132;31
29;Arcade;ArcadeCar-599946;2457;23;23;49,1346;300;44,02532;75;8,458749;133;25
30;Arcade;ArcadeCar-599946;2818;23;23;56,3631;300;38,18291;75;4,478403;144;30
31;Arcade;ArcadeCar-599946;4998;23;23;99,95955;300;21,53312;75;9,452497;150;26
32;Arcade;ArcadeCar-599946;2640;23;23;52,79984;300;41,0536;75;11,25628;152;29
33;Arcade;ArcadeCar-599946;2836;23;23;56,72034;300;38,04793;75;7,253844;156;26
34;Arcade;ArcadeCar-599946;3226;23;23;64,5191;300;33,69942;75;15,87481;164;31
35;Arcade;ArcadeCar-599946;2831;23;23;56,60521;300;38,67859;75;9,488355;170;32
36;Arcade;ArcadeCar-599946;3062;23;23;61,24128;300;35,68056;75;8,656802;179;31
37;Arcade;ArcadeCar-599946;3202;23;23;64,03747;300;33,40069;75;24,85934;182;25
38;Arcade;ArcadeCar-599946;2842;23;23;56,841;300;38,02024;75;13,09116;185;31
39;Arcade;ArcadeCar-599946;2498;23;23;49,96022;300;42,73029;75;6,109029;187;27
40;Arcade;ArcadeCar-599946;15000;11;23;300;300;3,846347;75;5,982049;190;23
41;Arcade;ArcadeCar-599946;15000;10;23;300;300;3,528176;75;4,107404;194;31
42;Arcade;ArcadeCar-599946;2555;23;23;51,09245;300;42,89078;75;9,856935;195;29
43;Arcade;ArcadeCar-599946;4142;23;23;82,83861;300;26,51401;75;6,908733;200;29
44;Arcade;ArcadeCar-599946;2932;23;23;58,64122;300;36,73671;75;13,11803;205;29
45;Arcade;ArcadeCar-599946;14999;16;23;300;300;5,251107;75;4,427122;212;30
46;Arcade;ArcadeCar-599946;15000;3;23;300;300;1,63874;75;1,98564;213;32
47;Arcade;ArcadeCar-599946;15001;6;23;300;300;2,330957;75;2,723862;214;28
48;Arcade;ArcadeCar-599946;2611;23;23;52,2181;300;40,65128;75;10,54913;217;33
49;Arcade;ArcadeCar-599946;15000;4;23;300;300;1,980241;75;2,693466;218;28
50;Arcade;ArcadeCar-599946;15000;19;23;300;300;6,427586;75;7,460499;224;34
0;Arcade;ArcadeCar-699904;2665;23;23;53,29142;300;40,35445;75;9,018929;230;27
1;Arcade;ArcadeCar-699904;2703;23;23;54,04649;300;40,13551;75;8,517717;233;32
2;Arcade;ArcadeCar-699904;3224;23;23;64,4803;300;33,62361;75;13,17615;238;31
3;Arcade;ArcadeCar-699904;3187;23;23;63,75512;300;33,53211;75;9,445603;244;28
4;Arcade;ArcadeCar-699904;2801;23;23;55,96812;300;38,15866;75;6,349126;250;32
5;Arcade;ArcadeCar-699904;14998;4;23;300;300;2,001756;75;3,438228;252;29
6;Arcade;ArcadeCar-699904;2717;23;23;54,33491;300;40,54202;75;11,44097;255;30
7;Arcade;ArcadeCar-699904;2866;23;23;57,31817;300;37,89276;75;11,90393;258;27
8;Arcade;ArcadeCar-699904;2465;23;23;49,30103;300;43,85981;75;7,411884;260;26
9;Arcade;ArcadeCar-699904;2470;23;23;49,38474;300;44,50227;75;8,723186;260;28
10;Arcade;ArcadeCar-699904;14999;7;23;300;300;2,79346;75;2,941767;263;35
11;Arcade;ArcadeCar-699904;2925;23;23;58,47932;300;36,83168;75;13,80353;267;30
12;Arcade;ArcadeCar-699904;3034;23;23;60,66549;300;36,19167;75;10,99142;275;30
13;Arcade;ArcadeCar-699904;2667;23;23;53,35226;300;40,91494;75;8,113208;277;26
14;Arcade;ArcadeCar-699904;2905;23;23;58,08833;300;37,55505;75;11,67117;280;31
15;Arcade;ArcadeCar-699904;2807;23;23;56,15526;300;38,65002;75;8,356198;286;26
16;Arcade;ArcadeCar-699904;4145;23;23;82,89996;300;26,74233;75;13,95322;289;33
17;Arcade;ArcadeCar-699904;2417;23;23;48,33926;300;44,79934;75;6,620632;291;29
18;Arcade;ArcadeCar-699904;2650;23;23;52,99797;300;40,47732;75;7,594658;294;24
19;Arcade;ArcadeCar-699904;2420;23;23;48,4005;300;44,91342;75;7,523652;296;28
20;Arcade;ArcadeCar-699904;4480;23;23;89,60046;300;24,17408;75;7,419327;299;23
21;Arcade;ArcadeCar-699904;14999;16;23;300;300;5,490717;75;6,048151;302;29
22;Arcade;ArcadeCar-699904;2617;23;23;52,31562;300;41,4504;75;12,28278;305;29
23;Arcade;ArcadeCar-699904;2833;23;23;56,64575;300;38,90125;75;8,792304;308;29
24;Arcade;ArcadeCar-699904;2788;23;23;55,76243;300;39,56005;75;12,22054;310;29
25;Arcade;ArcadeCar-699904;2878;23;23;57,55896;300;37,92522;75;7,949204;316;35
26;Arcade;ArcadeCar-699904;3028;23;23;60,56158;300;35,8324;75;10,83926;320;25
27;Arcade;ArcadeCar-699904;2566;23;23;51,31571;300;42,8457;75;6,80797;323;33
28;Arcade;ArcadeCar-699904;2568;23;23;51,36069;300;42,17658;75;8,418451;326;34
29;Arcade;ArcadeCar-699904;14999;4;23;300;300;1,941282;75;2,651916;327;31
30;Arcade;ArcadeCar-699904;3581;23;23;71,59888;300;30,92344;75;21,44498;333;34
31;Arcade;ArcadeCar-699904;14999;7;23;300;300;2,817687;75;4,386355;336;29
32;Arcade;ArcadeCar-699904;2547;23;23;50,92065;300;41,76548;75;7,588289;339;25
33;Arcade;ArcadeCar-699904;2525;23;23;50,51283;300;42,3522;75;5,908935;341;29
34;Arcade;ArcadeCar-699904;2690;23;23;53,79868;300;40,4954;75;8,301024;347;27
35;Arcade;ArcadeCar-699904;2605;23;23;52,10341;300;42,36158;75;9,723992;348;22
36;Arcade;ArcadeCar-699904;2497;23;23;49,94049;300;43,565;75;10,07991;349;29
37;Arcade;ArcadeCar-699904;3012;23;23;60,23621;300;35,60067;75;12,92115;355;29
38;Arcade;ArcadeCar-699904;2993;23;23;59,84696;300;36,85243;75;10,20186;362;29
39;Arcade;ArcadeCar-699904;14999;10;23;300;300;3,421348;75;283,18;363;32
40;Arcade;ArcadeCar-699904;12819;23;23;256,3563;300;8,937393;75;200,6115;371;31
41;Arcade;ArcadeCar-699904;2787;23;23;55,75765;300;39,33514;75;8,91195;375;32
42;Arcade;ArcadeCar-699904;2433;23;23;48,64526;300;44,37482;75;9,107991;375;28
43;Arcade;ArcadeCar-699904;3014;23;23;60,27879;300;35,37437;75;14,48271;379;30
44;Arcade;ArcadeCar-699904;14999;4;23;300;300;1,956227;75;2,382626;380;25
45;Arcade;ArcadeCar-699904;2789;23;23;55,7431;300;39,0986;75;7,87086;384;30
46;Arcade;ArcadeCar-699904;13945;23;23;278,9164;300;8,205528;75;235,6388;387;33
47;Arcade;ArcadeCar-699904;2928;23;23;58,55632;300;37,4537;75;12,22089;393;32
48;Arcade;ArcadeCar-699904;2785;23;23;55,68752;300;39,25864;75;8,712921;399;26
49;Arcade;ArcadeCar-699904;2693;23;23;53,87198;300;40,31733;75;7,407559;404;32
50;Arcade;ArcadeCar-699904;3225;23;23;64,48528;300;34,21221;75;7,700229;411;31
0;Arcade;ArcadeCar-799897;15000;4;23;300;300;1,93886;75;1,511001;414;33
1;Arcade;ArcadeCar-799897;15000;11;23;300;300;3,883875;75;3,811251;417;31
2;Arcade;ArcadeCar-799897;2745;23;23;54,88828;300;39,34683;75;6,560845;421;29
3;Arcade;ArcadeCar-799897;2649;23;23;52,9642;300;40,60899;75;7,69507;424;30
4;Arcade;ArcadeCar-799897;2662;23;23;53,24293;300;40,81661;75;8,258915;426;35
5;Arcade;ArcadeCar-799897;2504;23;23;50,07832;300;43,02896;75;8,269606;427;32
6;Arcade;ArcadeCar-799897;2869;23;23;57,39272;300;38,33895;75;7,234665;432;30
7;Arcade;ArcadeCar-799897;14999;4;23;300;300;1,953421;75;3,398598;434;30
8;Arcade;ArcadeCar-799897;2731;23;23;54,60292;300;39,95797;75;6,743742;439;27
9;Arcade;ArcadeCar-799897;2946;23;23;58,9198;300;37,37877;75;6,461135;444;31
10;Arcade;ArcadeCar-799897;5153;23;23;103,0458;300;21,24475;75;11,47532;449;28
11;Arcade;ArcadeCar-799897;2734;23;23;54,67945;300;39,90483;75;10,66812;453;30
12;Arcade;ArcadeCar-799897;2499;23;23;49,99387;300;43,6077;75;8,767585;455;28
13;Arcade;ArcadeCar-799897;2468;23;23;49,36077;300;43,18824;75;4,158453;459;31
14;Arcade;ArcadeCar-799897;2746;23;23;54,92054;300;39,21045;75;6,755429;464;34
15;Arcade;ArcadeCar-799897;2612;23;23;52,238;300;41,78241;75;8,636973;470;30
16;Arcade;ArcadeCar-799897;3250;23;23;64,99828;300;33,88948;75;10,22503;476;33
17;Arcade;ArcadeCar-799897;14999;2;23;300;300;1,244471;75;0,261466;477;27
18;Arcade;ArcadeCar-799897;2919;23;23;58,35727;300;37,74661;75;14,41442;480;31
19;Arcade;ArcadeCar-799897;2787;23;23;55,72758;300;39,41799;75;10,14082;483;27
20;Arcade;ArcadeCar-799897;2831;23;23;56,63269;300;38,41324;75;7,437721;486;24
21;Arcade;ArcadeCar-799897;2838;23;23;56,75912;300;38,26321;75;7,20465;491;31
22;Arcade;ArcadeCar-799897;2654;23;23;53,08021;300;41,02784;75;8,984347;494;26
23;Arcade;ArcadeCar-799897;2753;23;23;55,06342;300;39,68351;75;8,590992;498;30
24;Arcade;ArcadeCar-799897;3290;23;23;65,78253;300;32,79212;75;14,84197;504;27
25;Arcade;ArcadeCar-799897;2905;23;23;58,11788;300;38,08054;75;11,0697;509;30
26;Arcade;ArcadeCar-799897;2892;23;23;57,83775;300;38,08649;75;13,26542;514;27
27;Arcade;ArcadeCar-799897;2647;23;23;52,92766;300;40,89326;75;8,267468;517;25
28;Arcade;ArcadeCar-799897;2596;23;23;51,93306;300;41,61929;75;9,760571;521;30
29;Arcade;ArcadeCar-799897;2596;23;23;51,92115;300;41,52102;75;10,8169;523;23
30;Arcade;ArcadeCar-799897;5802;23;23;116,0228;300;19,09656;75;12,1252;525;31
31;Arcade;ArcadeCar-799897;2583;23;23;51,67346;300;42,08825;75;9,898007;529;31
32;Arcade;ArcadeCar-799897;2470;23;23;49,40102;300;43,94624;75;7,029624;530;29
33;Arcade;ArcadeCar-799897;2906;23;23;58,11797;300;37,56753;75;13,12952;533;30
34;Arcade;ArcadeCar-799897;2748;23;23;54,93559;300;39,47072;75;11,1185;537;34
35;Arcade;ArcadeCar-799897;2777;23;23;55,569;300;39,2556;75;7,149558;541;30
36;Arcade;ArcadeCar-799897;3071;23;23;61,41735;300;35,27129;75;8,147304;548;28
37;Arcade;ArcadeCar-799897;4232;23;23;84,64139;300;25,81422;75;7,560336;551;31
38;Arcade;ArcadeCar-799897;3238;23;23;64,75953;300;33,91202;75;10,53917;558;26
39;Arcade;ArcadeCar-799897;2664;23;23;53,28085;300;41,01995;75;8,53083;561;27
40;Arcade;ArcadeCar-799897;2573;23;23;51,44234;300;41,96913;75;6,008822;563;32
41;Arcade;ArcadeCar-799897;2660;23;23;53,20013;300;40,53081;75;6,795906;567;32
42;Arcade;ArcadeCar-799897;2583;23;23;51,67594;300;42,17312;75;8,183364;569;30
43;Arcade;ArcadeCar-799897;2985;23;23;59,68542;300;36,4272;75;12,27879;576;33
44;Arcade;ArcadeCar-799897;2741;23;23;54,83361;300;38,59944;75;4,703022;580;28
45;Arcade;ArcadeCar-799897;13154;23;23;263,0815;300;8,651839;75;8,231161;585;31
46;Arcade;ArcadeCar-799897;3227;23;23;64,52573;300;33,56895;75;11,49177;591;33
47;Arcade;ArcadeCar-799897;2938;23;23;58,77612;300;36,70505;75;10,09599;598;31
48;Arcade;ArcadeCar-799897;5372;23;23;107,4248;300;20,51599;75;9,433372;605;29
49;Arcade;ArcadeCar-799897;3000;23;23;59,99732;300;36,20266;75;6,325435;611;30
50;Arcade;ArcadeCar-799897;8550;23;23;170,999;300;12,80352;75;8,141087;616;35
0;Arcade;ArcadeCar-899988;3071;23;23;61,43481;300;35,33777;75;8,309797;623;27
1;Arcade;ArcadeCar-899988;2474;23;23;49,48138;300;44,32629;75;8,515753;626;27
2;Arcade;ArcadeCar-899988;2559;23;23;51,16508;300;42,7409;75;8,934591;630;37
3;Arcade;ArcadeCar-899988;2659;23;23;53,19609;300;41,24725;75;5,712841;635;29
4;Arcade;ArcadeCar-899988;3282;23;23;65,64044;300;33,59489;75;9,043461;642;33
5;Arcade;ArcadeCar-899988;14999;2;23;300;300;1,265438;75;0,5418369;643;24
6;Arcade;ArcadeCar-899988;2986;23;23;59,68496;300;35,85522;75;6,001948;648;28
7;Arcade;ArcadeCar-899988;3009;23;23;60,19473;300;36,23144;75;10,89226;655;29
8;Arcade;ArcadeCar-899988;3045;23;23;60,85085;300;35,76399;75;18,37814;659;30
9;Arcade;ArcadeCar-899988;14998;19;23;300;300;6,456738;75;7,08889;662;30
10;Arcade;ArcadeCar-899988;2778;23;23;55,53718;300;39,13412;75;8,078077;667;33
11;Arcade;ArcadeCar-899988;2605;23;23;52,11401;300;41,1456;75;4,865246;674;31
12;Arcade;ArcadeCar-899988;6029;23;23;120,5671;300;18,55145;75;15,47519;676;31
13;Arcade;ArcadeCar-899988;9615;23;23;192,3144;300;11,73036;75;8,841409;683;32
14;Arcade;ArcadeCar-899988;2695;23;23;53,88723;300;40,03024;75;9,005254;687;30
15;Arcade;ArcadeCar-899988;2882;23;23;57,63696;300;37,74704;75;10,41107;692;28
16;Arcade;ArcadeCar-899988;2826;23;23;56,52034;300;38,53353;75;11,81943;696;34
17;Arcade;ArcadeCar-899988;14999;14;23;300;300;4,928067;75;5,164877;701;31
18;Arcade;ArcadeCar-899988;2733;23;23;54,59098;300;40,08802;75;7,846651;704;30
19;Arcade;ArcadeCar-899988;4597;23;23;92,00841;300;23,71294;75;8,363218;709;30
20;Arcade;ArcadeCar-899988;2588;23;23;51,75978;300;42,80208;75;8,350207;712;31
21;Arcade;ArcadeCar-899988;2548;23;23;50,95608;300;42,50859;75;9,02258;715;30
22;Arcade;ArcadeCar-899988;3073;23;23;61,44925;300;36,06369;75;11,81721;723;34
23;Arcade;ArcadeCar-899988;2513;23;23;50,27126;300;42,66669;75;8,304544;725;27
24;Arcade;ArcadeCar-899988;2848;23;23;56,9639;300;37,94482;75;7,628442;730;29
25;Arcade;ArcadeCar-899988;2624;23;23;52,47678;300;42,00779;75;8,684385;735;35
26;Arcade;ArcadeCar-899988;14999;10;23;300;300;3,439683;75;4,681862;737;28
27;Arcade;ArcadeCar-899988;3016;23;23;60,28491;300;35,4281;75;14,59414;743;32
28;Arcade;ArcadeCar-899988;2698;23;23;53,96033;300;40,81462;75;13,14146;745;35
29;Arcade;ArcadeCar-899988;15000;3;23;300;300;1,666333;75;2,456075;746;29
30;Arcade;ArcadeCar-899988;1018;7;23;300;300;35,41029;75;4,898655;748;28
31;Arcade;ArcadeCar-899988;3132;23;23;62,64165;300;35,03127;75;16,41872;753;31
32;Arcade;ArcadeCar-899988;2710;23;23;54,20011;300;39,52975;75;8,180374;757;23
33;Arcade;ArcadeCar-899988;3273;23;23;65,47391;300;33,21775;75;17,45082;765;29
34;Arcade;ArcadeCar-899988;2604;23;23;52,07944;300;41,86065;75;9,356592;770;30
35;Arcade;ArcadeCar-899988;3095;23;23;61,88831;300;34,95619;75;9,23642;780;33
36;Arcade;ArcadeCar-899988;4104;23;23;82,08025;300;26,47789;75;14,07794;787;32
37;Arcade;ArcadeCar-899988;2517;23;23;50,3527;300;42,18571;75;6,98091;791;28
38;Arcade;ArcadeCar-899988;2866;23;23;57,32283;300;37,47294;75;5,711138;795;25
39;Arcade;ArcadeCar-899988;2892;23;23;57,83654;300;37,06033;75;5,05741;805;31
40;Arcade;ArcadeCar-899988;2415;23;23;48,28455;300;44,47392;75;8,402331;806;28
41;Arcade;ArcadeCar-899988;2637;23;23;52,75723;300;41,63562;75;8,295416;809;31
42;Arcade;ArcadeCar-899988;14999;4;23;300;300;1,902562;75;1,112578;811;30
43;Arcade;ArcadeCar-899988;5342;23;23;106,8028;300;20,74601;75;36,61189;814;30
44;Arcade;ArcadeCar-899988;5367;23;23;107,3556;300;20,33261;75;7,608131;820;30
45;Arcade;ArcadeCar-899988;3030;23;23;60,60052;300;35,94454;75;10,1019;827;30
46;Arcade;ArcadeCar-899988;3891;23;23;77,8036;300;28,26859;75;7,009676;831;31
47;Arcade;ArcadeCar-899988;3693;23;23;73,87698;300;29,72488;75;31,14677;834;27
48;Arcade;ArcadeCar-899988;2849;23;23;56,9621;300;38,00421;75;10,11452;839;28
49;Arcade;ArcadeCar-899988;14999;6;23;300;300;2,434545;75;2,456375;841;31
50;Arcade;ArcadeCar-899988;2541;23;23;50,79874;300;42,55882;75;9,154037;844;23
0;Arcade;ArcadeCar-999975;15000;22;23;300;300;7,434538;75;10,85544;850;33
1;Arcade;ArcadeCar-999975;15000;18;23;300;300;6,044427;75;5,814948;855;30
2;Arcade;ArcadeCar-999975;2601;23;23;52,00777;300;41,41925;75;8,178307;859;34
3;Arcade;ArcadeCar-999975;2580;23;23;51,60239;300;40,98275;75;6,752079;865;31
4;Arcade;ArcadeCar-999975;2713;23;23;54,24262;300;39,51781;75;5,644607;871;29
5;Arcade;ArcadeCar-999975;2978;23;23;59,57742;300;36,55553;75;11,27401;876;28
6;Arcade;ArcadeCar-999975;10843;23;23;216,8568;300;10,43103;75;9,788632;881;29
7;Arcade;ArcadeCar-999975;2730;23;23;54,60452;300;40,08403;75;8,060158;889;33
8;Arcade;ArcadeCar-999975;2912;23;23;58,23885;300;37,2968;75;10,07274;895;31
9;Arcade;ArcadeCar-999975;3018;23;23;60,35939;300;36,31376;75;8,427567;903;26
10;Arcade;ArcadeCar-999975;2989;23;23;59,78155;300;36,7226;75;6,994022;907;30
11;Arcade;ArcadeCar-999975;3079;23;23;61,57996;300;35,58757;75;14,58068;913;30
12;Arcade;ArcadeCar-999975;15000;11;23;300;300;3,779909;75;5,254207;916;35
13;Arcade;ArcadeCar-999975;4005;23;23;80,06285;300;27,25323;75;36,15974;921;32
14;Arcade;ArcadeCar-999975;2593;23;23;51,87329;300;41,7295;75;8,052192;927;28
15;Arcade;ArcadeCar-999975;2777;23;23;55,54303;300;39,11656;75;9,719043;930;31
16;Arcade;ArcadeCar-999975;2579;23;23;51,58079;300;41,96926;75;8,100725;934;31
17;Arcade;ArcadeCar-999975;2761;23;23;55,21921;300;38,55206;75;5,898164;940;33
18;Arcade;ArcadeCar-999975;2498;23;23;49,94263;300;43,49895;75;9,500875;942;30
19;Arcade;ArcadeCar-999975;2678;23;23;53,57582;300;40,39594;75;7,404297;945;31
20;Arcade;ArcadeCar-999975;6565;23;23;131,3006;300;16,92765;75;13,34745;949;35
21;Arcade;ArcadeCar-999975;4449;23;23;88,96302;300;24,51638;75;14,41675;953;30
22;Arcade;ArcadeCar-999975;14999;7;23;300;300;2,851591;75;4,056518;955;23
23;Arcade;ArcadeCar-999975;2962;23;23;59,23668;300;36,58302;75;8,234912;960;29
24;Arcade;ArcadeCar-999975;3109;23;23;62,16248;300;35,09349;75;11,38772;967;33
25;Arcade;ArcadeCar-999975;14999;9;23;300;300;3,218501;75;2,335055;970;31
26;Arcade;ArcadeCar-999975;2637;23;23;52,71723;300;41,17854;75;6,353487;978;33
27;Arcade;ArcadeCar-999975;2852;23;23;57,03869;300;38,78997;75;9,408809;984;32
28;Arcade;ArcadeCar-999975;11610;23;23;232,2038;300;9,778115;75;8,347997;987;29
29;Arcade;ArcadeCar-999975;2811;23;23;56,2319;300;38,81389;75;10,88584;996;33
30;Arcade;ArcadeCar-999975;2694;23;23;53,88198;300;40,49026;75;9,42703;998;31
31;Arcade;ArcadeCar-999975;14999;14;23;300;300;4,856522;75;272,3513;1003;30
32;Arcade;ArcadeCar-999975;2555;23;23;51,08017;300;42,41197;75;7,492994;1006;30
33;Arcade;ArcadeCar-999975;14999;14;23;300;300;4,931228;75;8,382875;1009;34
34;Arcade;ArcadeCar-999975;2858;23;23;57,12387;300;37,48329;75;7,209898;1016;29
35;Arcade;ArcadeCar-999975;2846;23;23;56,92347;300;38,51268;75;11,12252;1022;36
36;Arcade;ArcadeCar-999975;2782;23;23;55,63755;300;39,09853;75;9,591745;1024;30
37;Arcade;ArcadeCar-999975;2552;23;23;51,04153;300;43,04214;75;10,46121;1026;32
38;Arcade;ArcadeCar-999975;2487;23;23;49,7562;300;43,91837;75;7,65573;1029;31
39;Arcade;ArcadeCar-999975;2925;23;23;58,49876;300;37,79291;75;11,48076;1033;32
40;Arcade;ArcadeCar-999975;2549;23;23;50,97771;300;42,54877;75;7,508419;1036;28
41;Arcade;ArcadeCar-999975;2868;23;23;57,36164;300;37,85796;75;9,289893;1042;30
42;Arcade;ArcadeCar-999975;2796;23;23;55,91909;300;38,77299;75;7,765785;1047;31
43;Arcade;ArcadeCar-999975;3936;23;23;78,71864;300;28,25331;75;11,13876;1051;28
44;Arcade;ArcadeCar-999975;2917;23;23;58,32814;300;37,56887;75;11,79855;1057;29
45;Arcade;ArcadeCar-999975;2825;23;23;56,51291;300;38,55552;75;6,553891;1060;25
46;Arcade;ArcadeCar-999975;2594;23;23;51,87829;300;42,76241;75;11,59387;1061;26
47;Arcade;ArcadeCar-999975;2597;23;23;51,92676;300;41,44191;75;8,264096;1065;29
48;Arcade;ArcadeCar-999975;9106;23;23;182,1215;300;12,30546;75;8,77345;1073;35
49;Arcade;ArcadeCar-999975;3182;23;23;63,63777;300;34,22092;75;9,47785;1079;22
50;Arcade;ArcadeCar-999975;2883;23;23;57,67633;300;37,39282;75;7,286497;1087;27
0;Arcade;ArcadeCar-1099924;2589;23;23;51,77946;300;42,08229;75;8,590866;1091;30
1;Arcade;ArcadeCar-1099924;2804;23;23;56,06657;300;38,34351;75;9,779883;1096;27
2;Arcade;ArcadeCar-1099924;2994;23;23;59,88016;300;36,36824;75;9,146445;1102;25
3;Arcade;ArcadeCar-1099924;2743;23;23;54,87134;300;39,91245;75;9,234466;1106;33
4;Arcade;ArcadeCar-1099924;14999;14;23;300;300;4,784202;75;3,277084;1110;32
5;Arcade;ArcadeCar-1099924;2396;23;23;47,88675;300;44,12586;75;6,137645;1113;26
6;Arcade;ArcadeCar-1099924;14999;1;23;300;300;0,7427078;75;0,25701;1114;26
7;Arcade;ArcadeCar-1099924;15001;15;23;300;300;5,051496;75;271,6912;1118;35
8;Arcade;ArcadeCar-1099924;2814;23;23;56,26223;300;38,63543;75;12,25668;1122;32
9;Arcade;ArcadeCar-1099924;2883;23;23;57,67324;300;37,47589;75;9,441592;1129;27
10;Arcade;ArcadeCar-1099924;2448;23;23;48,96199;300;44,25476;75;6,721193;1130;30
11;Arcade;ArcadeCar-1099924;15000;19;23;300;300;6,357826;75;6,135589;1132;29
12;Arcade;ArcadeCar-1099924;2476;23;23;49,51559;300;44,11208;75;6,934477;1134;26
13;Arcade;ArcadeCar-1099924;3268;23;23;65,36288;300;33,29832;75;8,039939;1143;32
14;Arcade;ArcadeCar-1099924;2909;23;23;58,18031;300;37,18033;75;11,75717;1149;29
15;Arcade;ArcadeCar-1099924;2382;23;23;47,64022;300;44,43931;75;6,460472;1154;31
16;Arcade;ArcadeCar-1099924;2733;23;23;54,65552;300;39,62801;75;8,939054;1158;25
17;Arcade;ArcadeCar-1099924;8779;23;23;175,5676;300;12,33682;75;8,610664;1166;30
18;Arcade;ArcadeCar-1099924;2760;23;23;55,2021;300;39,46553;75;10,3186;1171;33
19;Arcade;ArcadeCar-1099924;15000;15;23;300;300;5,244025;75;6,473992;1175;28
20;Arcade;ArcadeCar-1099924;2904;23;23;58,05952;300;37,35984;75;11,49838;1180;28
21;Arcade;ArcadeCar-1099924;2970;23;23;59,39731;300;36,66786;75;8,50839;1184;24
22;Arcade;ArcadeCar-1099924;3259;23;23;65,19508;300;33,24284;75;12,39062;1191;28
23;Arcade;ArcadeCar-1099924;2616;23;23;52,31931;300;41,59171;75;9,772724;1196;28
24;Arcade;ArcadeCar-1099924;2796;23;23;55,92029;300;38,61249;75;6,212442;1199;31
25;Arcade;ArcadeCar-1099924;14999;14;23;300;300;4,722524;75;4,463184;1202;27
26;Arcade;ArcadeCar-1099924;2761;23;23;55,19808;300;38,80231;75;10,51921;1204;28
27;Arcade;ArcadeCar-1099924;2539;23;23;50,76445;300;42,92916;75;8,050817;1205;30
28;Arcade;ArcadeCar-1099924;2503;23;23;50,07858;300;43,42624;75;7,737852;1207;33
29;Arcade;ArcadeCar-1099924;2611;23;23;52,21741;300;41,46799;75;7,694789;1210;30
30;Arcade;ArcadeCar-1099924;2509;23;23;50,18209;300;42,84944;75;7,155087;1214;27
31;Arcade;ArcadeCar-1099924;2619;23;23;52,36197;300;41,49466;75;9,179414;1219;29
32;Arcade;ArcadeCar-1099924;14999;19;23;300;300;6,553396;75;9,783352;1226;32
33;Arcade;ArcadeCar-1099924;2815;23;23;56,29547;300;38,48856;75;7,741058;1235;33
34;Arcade;ArcadeCar-1099924;3691;23;23;73,81609;300;30,02393;75;12,21977;1239;29
35;Arcade;ArcadeCar-1099924;2731;23;23;54,6072;300;40,28548;75;16,77905;1244;31
36;Arcade;ArcadeCar-1099924;14999;20;23;300;300;6,77731;75;6,51516;1249;29
37;Arcade;ArcadeCar-1099924;2619;23;23;50,95476;300;40,79717;75;4,309176;1254;27
38;Arcade;ArcadeCar-1099924;14930;15;23;300;300;5,03551;75;271,9063;1257;29
39;Arcade;ArcadeCar-1099924;2541;23;23;50,81522;300;43,18733;75;11,13999;1261;34
40;Arcade;ArcadeCar-1099924;2564;20;23;300;300;38,83072;75;10,80389;1266;27
41;Arcade;ArcadeCar-1099924;2614;23;23;52,28073;300;41,60016;75;5,749017;1270;26
42;Arcade;ArcadeCar-1099924;14999;4;23;300;300;1,972;75;3,60694;1272;32
43;Arcade;ArcadeCar-1099924;2814;23;23;56,24224;300;39,03503;75;12,09679;1277;33
44;Arcade;ArcadeCar-1099924;2611;23;23;52,23693;300;41,16223;75;6,581664;1281;28
45;Arcade;ArcadeCar-1099924;3999;23;23;79,96342;300;27,50275;75;6,570981;1286;33
46;Arcade;ArcadeCar-1099924;14999;15;23;300;300;5,071182;75;98,73751;1292;27
47;Arcade;ArcadeCar-1099924;2599;23;23;51,95934;300;41,30292;75;9,868913;1295;27
48;Arcade;ArcadeCar-1099924;3183;23;23;63,6712;300;34,07642;75;8,507217;1303;32
49;Arcade;ArcadeCar-1099924;2531;23;23;50,60814;300;42,83692;75;6,063266;1309;29
50;Arcade;ArcadeCar-1099924;2834;23;23;56,69555;300;38,35358;75;11,91895;1314;32
0;Arcade;ArcadeCar-1199988;15000;7;23;300;300;2,752292;75;285,4337;1316;29
1;Arcade;ArcadeCar-1199988;2937;23;23;58,73376;300;36,77705;75;10,71966;1326;32
2;Arcade;ArcadeCar-1199988;2601;23;23;52,02215;300;41,4845;75;7,738721;1329;29
3;Arcade;ArcadeCar-1199988;3193;23;23;63,85701;300;34,38539;75;14,86854;1336;30
4;Arcade;ArcadeCar-1199988;2401;23;23;48,00676;300;44,57993;75;5,747293;1339;30
5;Arcade;ArcadeCar-1199988;15000;22;23;300;300;7,200675;75;6,120286;1349;33
6;Arcade;ArcadeCar-1199988;2591;23;23;51,8137;300;41,98679;75;8,126242;1352;29
7;Arcade;ArcadeCar-1199988;12639;23;23;252,7675;300;9,03003;75;14,43632;1358;31
8;Arcade;ArcadeCar-1199988;2614;23;23;52,28066;300;41,40726;75;8,600825;1363;27
9;Arcade;ArcadeCar-1199988;14999;17;23;300;300;5,5322;75;4,879472;1366;27
10;Arcade;ArcadeCar-1199988;2669;23;23;53,36209;300;40,19664;75;6,624775;1369;31
11;Arcade;ArcadeCar-1199988;2497;23;23;49,94974;300;42,72908;75;5,988913;1373;29
12;Arcade;ArcadeCar-1199988;3042;23;23;60,84248;300;36,2864;75;12,3262;1378;31
13;Arcade;ArcadeCar-1199988;3051;23;23;61,00299;300;35,41162;75;7,045708;1384;29
14;Arcade;ArcadeCar-1199988;2424;23;23;48,47896;300;44,565;75;5,340032;1386;29
15;Arcade;ArcadeCar-1199988;2731;23;23;54,63569;300;39,54489;75;7,340586;1389;35
16;Arcade;ArcadeCar-1199988;8345;23;23;166,8874;300;13,65645;75;11,6773;1395;29
17;Arcade;ArcadeCar-1199988;2731;23;23;54,63457;300;39,45223;75;8,228939;1403;34
18;Arcade;ArcadeCar-1199988;14999;15;23;300;300;4,886455;75;268,9818;1410;26
19;Arcade;ArcadeCar-1199988;15001;4;23;300;300;1,908497;75;106,2815;1413;26
20;Arcade;ArcadeCar-1199988;2536;23;23;50,7168;300;43,38844;75;8,397312;1417;32
21;Arcade;ArcadeCar-1199988;15000;4;23;300;300;1,980143;75;2,123904;1418;33
22;Arcade;ArcadeCar-1199988;15000;15;23;300;300;4,933066;75;251,5188;1422;29
23;Arcade;ArcadeCar-1199988;2699;23;23;53,96143;300;40,40638;75;8,01258;1426;35
24;Arcade;ArcadeCar-1199988;2941;23;23;58,83605;300;37,88073;75;12,35265;1430;26
25;Arcade;ArcadeCar-1199988;2711;23;23;54,20374;300;40,24054;75;7,649983;1435;32
26;Arcade;ArcadeCar-1199988;2737;23;23;54,75443;300;39,54254;75;6,371454;1444;26
27;Arcade;ArcadeCar-1199988;3042;23;23;60,84206;300;35,44627;75;7,305764;1447;30
28;Arcade;ArcadeCar-1199988;7807;23;23;156,1399;300;14,19253;75;9,872262;1454;28
29;Arcade;ArcadeCar-1199988;3075;23;23;61,49601;300;35,33547;75;8,713477;1460;29
30;Arcade;ArcadeCar-1199988;3473;23;23;69,44542;300;31,77469;75;15,46631;1468;26
31;Arcade;ArcadeCar-1199988;3795;23;23;75,9173;300;29,39828;75;9,449905;1474;27
32;Arcade;ArcadeCar-1199988;10185;23;23;203,7006;300;11,07224;75;12,70315;1481;31
33;Arcade;ArcadeCar-1199988;2615;23;23;52,29747;300;41,70269;75;9,70242;1483;30
34;Arcade;ArcadeCar-1199988;2668;23;23;53,3632;300;40,64116;75;11,58558;1486;27
35;Arcade;ArcadeCar-1199988;2879;23;23;57,56444;300;37,4059;75;6,117375;1493;33
36;Arcade;ArcadeCar-1199988;2930;23;23;58,60121;300;36,68886;75;12,24272;1500;28
37;Arcade;ArcadeCar-1199988;2699;23;23;53,99161;300;40,56703;75;9,036905;1505;28
38;Arcade;ArcadeCar-1199988;2371;23;23;47,40913;300;45,61012;75;7,247266;1505;24
39;Arcade;ArcadeCar-1199988;870;7;23;300;300;40,75105;75;4,256675;1506;34
40;Arcade;ArcadeCar-1199988;2597;23;23;51,95414;300;41,84782;75;8,219946;1509;29
41;Arcade;ArcadeCar-1199988;5616;23;23;112,3206;300;19,34958;75;7,961048;1513;30
42;Arcade;ArcadeCar-1199988;2465;23;23;49,28579;300;43,80993;75;6,424827;1516;30
43;Arcade;ArcadeCar-1199988;2547;23;23;50,95084;300;41,73777;75;7,046556;1521;29
44;Arcade;ArcadeCar-1199988;2366;23;23;47,32038;300;44,9413;75;7,542148;1523;28
45;Arcade;ArcadeCar-1199988;2899;23;23;57,96416;300;36,98248;75;12,262;1527;27
46;Arcade;ArcadeCar-1199988;2850;23;23;57,00188;300;37,63317;75;8,701581;1534;33
47;Arcade;ArcadeCar-1199988;2412;23;23;48,24121;300;44,52293;75;6,599751;1537;29
48;Arcade;ArcadeCar-1199988;4304;23;23;86,07833;300;25,28214;75;38,67885;1542;28
49;Arcade;ArcadeCar-1199988;2635;23;23;52,7175;300;41,34758;75;8,908608;1547;27
50;Arcade;ArcadeCar-1199988;2752;23;23;55,03687;300;39,82933;75;9,861015;1552;29
0;Arcade;ArcadeCar-1299938;2524;23;23;50,48115;300;42,22589;75;6,757904;1555;28
1;Arcade;ArcadeCar-1299938;2538;23;23;50,75961;300;42,26601;75;7,822567;1557;27
2;Arcade;ArcadeCar-1299938;3020;23;23;60,40321;300;35,97866;75;10,52212;1563;29
3;Arcade;ArcadeCar-1299938;2581;23;23;51,60173;300;41,23203;75;9,145819;1568;31
4;Arcade;ArcadeCar-1299938;2492;23;23;49,84064;300;42,36509;75;6,583955;1574;25
5;Arcade;ArcadeCar-1299938;2847;23;23;56,95483;300;37,62601;75;11,00836;1580;28
6;Arcade;ArcadeCar-1299938;2382;23;23;47,63829;300;44,55188;75;5,807615;1583;26
7;Arcade;ArcadeCar-1299938;2407;23;23;48,14315;300;45,04832;75;6,969563;1585;26
8;Arcade;ArcadeCar-1299938;2355;23;23;47,10041;300;45,63356;75;7,377557;1586;31
9;Arcade;ArcadeCar-1299938;3274;23;23;65,47655;300;33,09278;75;13,2946;1596;31
10;Arcade;ArcadeCar-1299938;2559;23;23;51,16731;300;41,74676;75;9,010762;1597;28
11;Arcade;ArcadeCar-1299938;3334;23;23;66,6789;300;32,98351;75;9,023712;1605;28
12;Arcade;ArcadeCar-1299938;2837;23;23;56,75452;300;38,38872;75;11,24163;1610;32
13;Arcade;ArcadeCar-1299938;2757;23;23;55,14214;300;39,14961;75;7,108655;1618;26
14;Arcade;ArcadeCar-1299938;15000;12;23;300;300;3,955268;75;4,473243;1620;29
15;Arcade;ArcadeCar-1299938;2738;23;23;54,74043;300;39,54113;75;9,438779;1626;33
16;Arcade;ArcadeCar-1299938;3656;23;23;73,13567;300;29,22789;75;8,598115;1633;31
17;Arcade;ArcadeCar-1299938;3248;23;23;64,94196;300;33,31784;75;13,28417;1643;30
18;Arcade;ArcadeCar-1299938;2545;23;23;50,91381;300;42,55174;75;8,790069;1646;28
19;Arcade;ArcadeCar-1299938;2714;23;23;54,28206;300;39,70835;75;8,022449;1652;30
20;Arcade;ArcadeCar-1299938;2345;23;23;46,90237;300;45,96812;75;8,58457;1659;31
21;Arcade;ArcadeCar-1299938;2715;23;23;54,29663;300;39,07038;75;5,492286;1663;31
22;Arcade;ArcadeCar-1299938;15000;15;23;300;300;4,954294;75;6,164814;1667;30
23;Arcade;ArcadeCar-1299938;2599;23;23;51,96255;300;41,80875;75;9,324468;1670;31
24;Arcade;ArcadeCar-1299938;3002;23;23;60,04092;300;36,04092;75;12,42112;1680;31
25;Arcade;ArcadeCar-1299938;2606;23;23;52,11854;300;41,36735;75;7,897864;1685;32
26;Arcade;ArcadeCar-1299938;2611;23;23;52,23094;300;41,15441;75;5,888087;1690;26
27;Arcade;ArcadeCar-1299938;3225;23;23;64,50637;300;34,24712;75;11,68773;1698;31
28;Arcade;ArcadeCar-1299938;2652;23;23;53,02031;300;40,36675;75;8,840671;1703;32
29;Arcade;ArcadeCar-1299938;2702;23;23;54,04419;300;39,56241;75;6,966521;1708;28
30;Arcade;ArcadeCar-1299938;2731;23;23;54,63343;300;39,34644;75;9,508257;1715;25
31;Arcade;ArcadeCar-1299938;2606;23;23;52,12131;300;41,13739;75;9,851169;1720;28
32;Arcade;ArcadeCar-1299938;4027;23;23;80,52253;300;26,74476;75;5,605078;1726;32
33;Arcade;ArcadeCar-1299938;2636;23;23;52,72189;300;40,53077;75;8,953383;1730;24
34;Arcade;ArcadeCar-1299938;3171;23;23;63,43562;300;34,16773;75;8,825663;1734;33
35;Arcade;ArcadeCar-1299938;3201;23;23;64,00505;300;34,02318;75;7,483648;1739;27
36;Arcade;ArcadeCar-1299938;2778;23;23;55,57527;300;38,54215;75;6,281512;1746;30
37;Arcade;ArcadeCar-1299938;2593;23;23;51,86017;300;41,44798;75;10,4408;1750;30
38;Arcade;ArcadeCar-1299938;3023;23;23;59,86518;300;35,63759;75;10,00813;1755;24
39;Arcade;ArcadeCar-1299938;2639;23;23;53,06083;300;40,51871;75;9,972879;1757;30
40;Arcade;ArcadeCar-1299938;2517;23;23;49,55609;300;42,07616;75;11,81491;1760;27
41;Arcade;ArcadeCar-1299938;14945;19;23;300;300;6,403724;75;11,08944;1768;32
42;Arcade;ArcadeCar-1299938;3018;23;23;60,35238;300;35,99046;75;13,69737;1774;30
43;Arcade;ArcadeCar-1299938;2850;23;23;56,99887;300;37,96261;75;6,44256;1779;30
44;Arcade;ArcadeCar-1299938;14999;15;23;300;300;4,969042;75;255,5713;1782;28
45;Arcade;ArcadeCar-1299938;2578;23;23;51,52361;300;41,8098;75;7,661142;1785;27
46;Arcade;ArcadeCar-1299938;2785;23;23;55,71594;300;38,44327;75;5,192194;1789;29
47;Arcade;ArcadeCar-1299938;2592;23;23;51,83913;300;41,48852;75;8,311115;1791;32
48;Arcade;ArcadeCar-1299938;5779;23;23;115,568;300;18,80424;75;5,795679;1796;27
49;Arcade;ArcadeCar-1299938;2634;23;23;52,6925;300;40,8042;75;9,317865;1802;29
50;Arcade;ArcadeCar-1299938;9291;23;23;185,8194;300;11,87319;75;8,736137;1809;25
0;Arcade;ArcadeCar-1399948;2697;23;23;53,92695;300;39,6687;75;8,252549;1812;27
1;Arcade;ArcadeCar-1399948;2684;23;23;53,67886;300;39,62769;75;7,121319;1815;24
2;Arcade;ArcadeCar-1399948;2421;23;23;48,43111;300;43,61713;75;7,855888;1817;26
3;Arcade;ArcadeCar-1399948;14999;19;23;300;300;6,1327;75;5,47352;1822;28
4;Arcade;ArcadeCar-1399948;2885;23;23;57,68111;300;36,27188;75;10,56241;1826;28
5;Arcade;ArcadeCar-1399948;2808;23;23;56,16125;300;38,12748;75;13,78901;1828;26
6;Arcade;ArcadeCar-1399948;2992;23;23;59,83585;300;35,0755;75;12,07342;1834;32
7;Arcade;ArcadeCar-1399948;2418;23;23;48,36182;300;44,26132;75;6,470152;1837;28
8;Arcade;ArcadeCar-1399948;2817;23;23;56,34008;300;37,89199;75;5,959645;1845;26
9;Arcade;ArcadeCar-1399948;3244;23;23;64,8807;300;32,62824;75;9,949698;1857;34
10;Arcade;ArcadeCar-1399948;2837;23;23;56,7398;300;38,03273;75;10,12481;1863;33
11;Arcade;ArcadeCar-1399948;15000;16;23;300;300;5,328839;75;6,089457;1865;31
12;Arcade;ArcadeCar-1399948;3445;23;23;68,88062;300;31,62658;75;6,435458;1872;28
13;Arcade;ArcadeCar-1399948;2582;23;23;51,65636;300;41,54242;75;6,696129;1876;24
14;Arcade;ArcadeCar-1399948;3195;23;23;63,89922;300;33,7956;75;7,741056;1880;31
15;Arcade;ArcadeCar-1399948;2717;23;23;54,32545;300;39,42495;75;8,176415;1884;30
16;Arcade;ArcadeCar-1399948;2356;23;23;47,13419;300;45,2073;75;7,344437;1884;30
17;Arcade;ArcadeCar-1399948;2636;23;23;52,70234;300;40,67582;75;6,127557;1888;31
18;Arcade;ArcadeCar-1399948;14999;4;23;300;300;2,000003;75;3,229522;1889;28
19;Arcade;ArcadeCar-1399948;2614;23;23;52,27469;300;41,38406;75;7,600015;1892;29
20;Arcade;ArcadeCar-1399948;2438;23;23;48,75887;300;43,68708;75;8,386593;1894;32
21;Arcade;ArcadeCar-1399948;2404;23;23;48,08347;300;44,89632;75;8,324583;1895;28
22;Arcade;ArcadeCar-1399948;2764;23;23;55,27717;300;39,14088;75;12,43796;1899;35
23;Arcade;ArcadeCar-1399948;14999;19;23;300;300;6,433431;75;12,35447;1903;31
24;Arcade;ArcadeCar-1399948;2627;23;23;52,52295;300;41,19407;75;7,476266;1910;29
25;Arcade;ArcadeCar-1399948;2477;23;23;49,54087;300;43,54886;75;7,393694;1914;30
26;Arcade;ArcadeCar-1399948;3044;23;23;60,86293;300;35,12267;75;9,879478;1917;31
27;Arcade;ArcadeCar-1399948;2799;23;23;55,99585;300;38,63997;75;7,778895;1920;30
28;Arcade;ArcadeCar-1399948;2481;23;23;49,62136;300;42,84845;75;6,84582;1923;32
29;Arcade;ArcadeCar-1399948;2721;23;23;54,41848;300;39,25128;75;8,636839;1928;28
30;Arcade;ArcadeCar-1399948;2697;23;23;53,94158;300;40,18217;75;9,169445;1932;33
31;Arcade;ArcadeCar-1399948;15000;15;23;300;300;4,874421;75;8,771334;1935;28
32;Arcade;ArcadeCar-1399948;2549;23;23;50,97544;300;41,81263;75;8,880342;1938;31
33;Arcade;ArcadeCar-1399948;2597;23;23;51,94004;300;40,68149;75;6,307557;1944;29
34;Arcade;ArcadeCar-1399948;2792;23;23;55,84079;300;39,26293;75;7,691564;1949;35
35;Arcade;ArcadeCar-1399948;2606;23;23;52,12007;300;40,87956;75;7,041276;1954;33
36;Arcade;ArcadeCar-1399948;2870;23;23;57,38311;300;37,20554;75;6,021637;1960;34
37;Arcade;ArcadeCar-1399948;2919;23;23;58,3927;300;37,03202;75;13,88069;1963;27
38;Arcade;ArcadeCar-1399948;14999;3;23;300;300;1,65622;75;1,961053;1964;28
39;Arcade;ArcadeCar-1399948;2813;23;23;56,24009;300;38,51847;75;9,677735;1970;32
40;Arcade;ArcadeCar-1399948;3013;23;23;60,24546;300;35,71207;75;10,14854;1977;33
41;Arcade;ArcadeCar-1399948;14999;4;23;300;300;1,961997;75;1,982331;1978;33
42;Arcade;ArcadeCar-1399948;15000;15;23;300;300;4,916394;75;5,796546;1983;27
43;Arcade;ArcadeCar-1399948;2879;23;23;57,55945;300;36,80404;75;13,46436;1989;32
44;Arcade;ArcadeCar-1399948;14999;11;23;300;300;3,833587;75;3,774025;1990;27
45;Arcade;ArcadeCar-1399948;2756;23;23;55,11341;300;39,37793;75;12,0596;1993;27
46;Arcade;ArcadeCar-1399948;2638;23;23;52,75701;300;39,93472;75;5,31394;1998;32
47;Arcade;ArcadeCar-1399948;2498;23;23;49,96061;300;42,88783;75;7,906529;2000;29
48;Arcade;ArcadeCar-1399948;2636;23;23;52,72252;300;40,88823;75;9,819682;2002;24
49;Arcade;ArcadeCar-1399948;2682;23;23;53,63783;300;39,37814;75;5,047855;2006;25
50;Arcade;ArcadeCar-1399948;3291;23;23;65,80583;300;32,19109;75;6,574114;2009;27
0;Arcade;ArcadeCar-1499948;2887;23;23;57,75375;300;37,64478;75;13,96699;2015;28
1;Arcade;ArcadeCar-1499948;2540;23;23;50,79925;300;41,84571;75;8,157955;2020;31
2;Arcade;ArcadeCar-1499948;14999;4;23;300;300;1,933601;75;1,99307;2021;32
3;Arcade;ArcadeCar-1499948;2684;23;23;53,64609;300;39,92831;75;8,287081;2024;26
4;Arcade;ArcadeCar-1499948;2347;23;23;46,95629;300;46,35604;75;7,415639;2024;31
5;Arcade;ArcadeCar-1499948;2866;23;23;57,31965;300;37,85307;75;13,97628;2029;31
6;Arcade;ArcadeCar-1499948;2643;23;23;52,84426;300;40,50579;75;11,22716;2034;29
7;Arcade;ArcadeCar-1499948;3446;23;23;68,92119;300;31,2571;75;17,96091;2040;32
8;Arcade;ArcadeCar-1499948;2644;23;23;52,87844;300;40,01266;75;5,639651;2046;28
9;Arcade;ArcadeCar-1499948;2511;23;23;50,23335;300;42,72582;75;9,173468;2050;26
10;Arcade;ArcadeCar-1499948;2984;23;23;59,68149;300;36,02847;75;13,16307;2055;32
11;Arcade;ArcadeCar-1499948;2694;23;23;53,87741;300;39,11612;75;6,363539;2060;27
12;Arcade;ArcadeCar-1499948;2831;23;23;56,60814;300;37,82428;75;12,0906;2063;28
13;Arcade;ArcadeCar-1499948;14999;11;23;300;300;3,855133;75;4,595897;2066;31
14;Arcade;ArcadeCar-1499948;2691;23;23;53,79787;300;40,04841;75;8,241248;2072;27
15;Arcade;ArcadeCar-1499948;2390;23;23;47,80006;300;44,51575;75;7,743858;2073;29
16;Arcade;ArcadeCar-1499948;2453;23;23;49,07341;300;43,71652;75;8,12276;2077;31
17;Arcade;ArcadeCar-1499948;2438;23;23;48,7582;300;43,25109;75;6,76305;2080;32
18;Arcade;ArcadeCar-1499948;2525;23;23;50,48696;300;42,45946;75;10,03543;2082;27
19;Arcade;ArcadeCar-1499948;15000;19;23;300;300;6,219186;75;4,977905;2086;32
20;Arcade;ArcadeCar-1499948;2722;23;23;54,41895;300;38,93919;75;9,671832;2090;23
21;Arcade;ArcadeCar-1499948;2892;23;23;57,84248;300;36,80889;75;8,469264;2095;28
22;Arcade;ArcadeCar-1499948;2358;23;23;47,15991;300;44,92058;75;5,040798;2097;29
23;Arcade;ArcadeCar-1499948;2789;23;23;55,79337;300;39,22533;75;10,45373;2101;30
24;Arcade;ArcadeCar-1499948;14999;9;23;300;300;3,230845;75;4,476643;2103;28
25;Arcade;ArcadeCar-1499948;7343;23;23;146,8404;300;14,80806;75;7,545248;2107;27
26;Arcade;ArcadeCar-1499948;3199;23;23;63,96574;300;34,38171;75;13,35419;2117;29
27;Arcade;ArcadeCar-1499948;2923;23;23;58,47363;300;36,64595;75;11,13148;2123;29
28;Arcade;ArcadeCar-1499948;2642;23;23;52,84039;300;40,44265;75;10,42152;2127;31
29;Arcade;ArcadeCar-1499948;2752;23;23;55,03757;300;39,16677;75;7,081541;2133;34
30;Arcade;ArcadeCar-1499948;2512;23;23;50,24084;300;42,16132;75;8,008872;2137;29
31;Arcade;ArcadeCar-1499948;2815;23;23;56,28717;300;38,51107;75;10,48912;2140;32
32;Arcade;ArcadeCar-1499948;2535;23;23;50,71123;300;41,85403;75;9,218009;2143;27
33;Arcade;ArcadeCar-1499948;2757;23;23;55,12891;300;38,44716;75;7,478028;2148;32
34;Arcade;ArcadeCar-1499948;2631;23;23;52,63124;300;39,85809;75;9,279735;2150;27
35;Arcade;ArcadeCar-1499948;15000;7;23;300;300;2,84436;75;4,753783;2154;30
36;Arcade;ArcadeCar-1499948;2582;23;23;51,63465;300;41,99675;75;8,968018;2156;28
37;Arcade;ArcadeCar-1499948;2533;23;23;50,64698;300;42,55838;75;7,197845;2159;22
38;Arcade;ArcadeCar-1499948;9920;23;23;198,4162;300;11,3112;75;8,097821;2163;27
39;Arcade;ArcadeCar-1499948;3045;23;23;60,89753;300;35,70725;75;11,98464;2171;30
40;Arcade;ArcadeCar-1499948;2485;23;23;49,68373;300;42,22617;75;6,820389;2175;29
41;Arcade;ArcadeCar-1499948;2668;23;23;53,36056;300;40,26282;75;8,083247;2178;33
42;Arcade;ArcadeCar-1499948;2911;23;23;58,23516;300;36,83375;75;8,269076;2184;30
43;Arcade;ArcadeCar-1499948;2881;23;23;57,60372;300;37,99408;75;8,335712;2189;28
44;Arcade;ArcadeCar-1499948;14999;11;23;300;300;3,883683;75;3,595556;2190;26
45;Arcade;ArcadeCar-1499948;2413;23;23;48,23994;300;43,7725;75;7,887949;2194;27
46;Arcade;ArcadeCar-1499948;2347;23;23;46,95266;300;45,57181;75;7,193401;2194;27
47;Arcade;ArcadeCar-1499948;2797;23;23;55,94361;300;37,96537;75;9,687865;2199;29
48;Arcade;ArcadeCar-1499948;15000;22;23;300;300;7,287436;75;6,804887;2209;34
49;Arcade;ArcadeCar-1499948;2819;23;23;56,37113;300;37,76624;75;9,981885;2213;30
50;Arcade;ArcadeCar-1499948;15000;15;23;300;300;5,086874;75;152,1761;2218;29
