Trial ID;Game Type;Name Model;Training Step;Race Completion;Checkpoint Max;Time;Max Time;Speed Average;Max Speed;Off Road Time;Hit Number;Max Obstacle;
0;Arcade;ArcadeCar-99923;3698;23;23;73.94982;300;28.37967;75;37.53512;0;0;
1;Arcade;ArcadeCar-99923;2816;23;23;56.30919;300;37.1965;75;17.27921;0;0;
2;Arcade;ArcadeCar-99923;3937;23;23;78.6901;300;26.63628;75;42.6529;0;0;
3;Arcade;ArcadeCar-99923;4003;23;23;80.09251;300;26.4819;75;42.79375;0;0;
4;Arcade;ArcadeCar-99923;3155;23;23;63.13415;300;33.46651;75;24.12875;0;0;
5;Arcade;ArcadeCar-99923;3491;23;23;69.81001;300;29.95748;75;32.66497;0;0;
6;Arcade;ArcadeCar-99923;3740;23;23;74.77389;300;28.09817;75;37.84784;0;0;
7;Arcade;ArcadeCar-99923;3524;23;23;70.45087;300;29.81561;75;32.31749;0;0;
8;Arcade;ArcadeCar-99923;3723;23;23;74.50037;300;28.43537;75;36.49529;0;0;
9;Arcade;ArcadeCar-99923;3026;23;23;60.47842;300;35.1236;75;21.16425;0;0;
10;Arcade;ArcadeCar-99923;3206;23;23;64.15054;300;33.30877;75;25.58169;0;0;
11;Arcade;ArcadeCar-99923;2771;23;23;55.41275;300;38.40493;75;15.19189;0;0;
12;Arcade;ArcadeCar-99923;3412;23;23;68.23659;300;30.87376;75;30.70861;0;0;
13;Arcade;ArcadeCar-99923;3781;23;23;75.60977;300;28.16798;75;38.42322;0;0;
14;Arcade;ArcadeCar-99923;3502;23;23;70.07255;300;29.76401;75;32.91411;0;0;
15;Arcade;ArcadeCar-99923;2818;23;23;56.32136;300;37.71666;75;16.06932;0;0;
16;Arcade;ArcadeCar-99923;3836;23;23;76.78126;300;27.40122;75;39.67805;0;0;
17;Arcade;ArcadeCar-99923;2932;23;23;58.62101;300;36.13086;75;18.65008;0;0;
18;Arcade;ArcadeCar-99923;2927;23;23;58.4997;300;35.91948;75;19.99596;0;0;
19;Arcade;ArcadeCar-99923;3474;23;23;69.54021;300;30.3512;75;31.59185;0;0;
20;Arcade;ArcadeCar-99923;3385;23;23;67.66687;300;31.27785;75;29.12246;0;0;
21;Arcade;ArcadeCar-99923;3548;23;23;70.94729;300;29.70702;75;33.84321;0;0;
22;Arcade;ArcadeCar-99923;4339;23;23;86.808;300;24.32143;75;51.47998;0;0;
23;Arcade;ArcadeCar-99923;3779;23;23;75.5954;300;27.92423;75;38.44356;0;0;
24;Arcade;ArcadeCar-99923;3340;23;23;66.77296;300;31.4092;75;29.66262;0;0;
25;Arcade;ArcadeCar-99923;3530;23;23;70.5732;300;29.68592;75;33.45086;0;0;
26;Arcade;ArcadeCar-99923;3024;23;23;60.52403;300;34.96696;75;20.82797;0;0;
27;Arcade;ArcadeCar-99923;3470;23;23;69.41117;300;30.30494;75;32.50771;0;0;
28;Arcade;ArcadeCar-99923;3503;23;23;70.01605;300;30.0894;75;31.94362;0;0;
29;Arcade;ArcadeCar-99923;3737;23;23;74.75832;300;28.21583;75;37.31028;0;0;
30;Arcade;ArcadeCar-99923;3657;23;23;73.15924;300;28.77921;75;36.12098;0;0;
31;Arcade;ArcadeCar-99923;3569;23;23;71.37143;300;29.62642;75;33.9316;0;0;
32;Arcade;ArcadeCar-99923;3407;23;23;68.08297;300;30.94829;75;30.52248;0;0;
33;Arcade;ArcadeCar-99923;3671;23;23;73.46358;300;28.74827;75;35.84133;0;0;
34;Arcade;ArcadeCar-99923;3582;23;23;71.60409;300;29.71257;75;33.80776;0;0;
35;Arcade;ArcadeCar-99923;2870;23;23;57.40858;300;37.22948;75;17.26319;0;0;
36;Arcade;ArcadeCar-99923;3466;23;23;69.35608;300;30.18675;75;32.38561;0;0;
37;Arcade;ArcadeCar-99923;3746;23;23;74.92773;300;28.02136;75;38.25086;0;0;
38;Arcade;ArcadeCar-99923;2999;23;23;59.95063;300;35.2912;75;20.61857;0;0;
39;Arcade;ArcadeCar-99923;3615;23;23;72.30939;300;29.07078;75;34.75304;0;0;
40;Arcade;ArcadeCar-99923;3578;23;23;71.56799;300;29.59346;75;33.60769;0;0;
41;Arcade;ArcadeCar-99923;3599;23;23;71.95413;300;29.43841;75;34.12671;0;0;
42;Arcade;ArcadeCar-99923;3383;23;23;67.6888;300;31.0323;75;30.24834;0;0;
43;Arcade;ArcadeCar-99923;2753;23;23;55.03036;300;38.46206;75;15.40408;0;0;
44;Arcade;ArcadeCar-99923;2893;23;23;57.84506;300;37.01271;75;18.53281;0;0;
45;Arcade;ArcadeCar-99923;3628;23;23;72.56042;300;29.30789;75;35.16069;0;0;
46;Arcade;ArcadeCar-99923;3379;23;23;67.60921;300;31.06885;75;29.38231;0;0;
47;Arcade;ArcadeCar-99923;3729;23;23;74.5751;300;28.23913;75;37.7868;0;0;
48;Arcade;ArcadeCar-99923;2730;23;23;54.62403;300;38.92031;75;15.19012;0;0;
49;Arcade;ArcadeCar-99923;4139;23;23;82.79263;300;25.40033;75;47.54051;0;0;
50;Arcade;ArcadeCar-99923;3475;23;23;69.4375;300;30.23169;75;31.90073;0;0;
0;Arcade;ArcadeCar-199942;2761;23;23;55.28705;300;39.29116;75;13.83513;0;0;
1;Arcade;ArcadeCar-199942;2794;23;23;55.8292;300;38.93447;75;13.90371;0;0;
2;Arcade;ArcadeCar-199942;2774;23;23;55.48205;300;39.26247;75;14.59971;0;0;
3;Arcade;ArcadeCar-199942;2792;23;23;55.87023;300;38.81632;75;15.20378;0;0;
4;Arcade;ArcadeCar-199942;2887;23;23;57.70885;300;37.67515;75;15.61207;0;0;
5;Arcade;ArcadeCar-199942;2644;23;23;52.8708;300;40.65934;75;12.30729;0;0;
6;Arcade;ArcadeCar-199942;2767;23;23;55.39289;300;38.94168;75;14.81023;0;0;
7;Arcade;ArcadeCar-199942;2839;23;23;56.75742;300;38.40324;75;14.96399;0;0;
8;Arcade;ArcadeCar-199942;2913;23;23;58.27045;300;37.18136;75;18.04973;0;0;
9;Arcade;ArcadeCar-199942;2677;23;23;53.54146;300;40.2952;75;12.10002;0;0;
10;Arcade;ArcadeCar-199942;2642;23;23;52.804;300;41.09318;75;11.67501;0;0;
11;Arcade;ArcadeCar-199942;2692;23;23;53.88016;300;40.20758;75;12.6982;0;0;
12;Arcade;ArcadeCar-199942;2782;23;23;55.61865;300;38.97778;75;14.31499;0;0;
13;Arcade;ArcadeCar-199942;2808;23;23;56.13004;300;38.44047;75;15.149;0;0;
14;Arcade;ArcadeCar-199942;2810;23;23;56.23932;300;38.85043;75;14.52413;0;0;
15;Arcade;ArcadeCar-199942;3014;23;23;60.27549;300;35.94573;75;19.24565;0;0;
16;Arcade;ArcadeCar-199942;2730;23;23;54.57644;300;39.82458;75;13.13594;0;0;
17;Arcade;ArcadeCar-199942;2749;23;23;55.01902;300;39.49533;75;13.38043;0;0;
18;Arcade;ArcadeCar-199942;2730;23;23;54.59415;300;39.56351;75;13.2865;0;0;
19;Arcade;ArcadeCar-199942;2975;23;23;59.46122;300;36.26823;75;19.3106;0;0;
20;Arcade;ArcadeCar-199942;2881;23;23;57.64142;300;37.72353;75;16.85797;0;0;
21;Arcade;ArcadeCar-199942;2789;23;23;55.77765;300;39.04171;75;13.87331;0;0;
22;Arcade;ArcadeCar-199942;2511;23;23;50.24073;300;43.0114;75;8.462864;0;0;
23;Arcade;ArcadeCar-199942;2686;23;23;53.72178;300;40.54442;75;11.97408;0;0;
24;Arcade;ArcadeCar-199942;2721;23;23;54.38399;300;39.91182;75;12.99567;0;0;
25;Arcade;ArcadeCar-199942;2884;23;23;57.70332;300;37.76656;75;16.66567;0;0;
26;Arcade;ArcadeCar-199942;2837;23;23;56.72372;300;38.51369;75;15.68007;0;0;
27;Arcade;ArcadeCar-199942;2732;23;23;54.67799;300;39.86241;75;13.56138;0;0;
28;Arcade;ArcadeCar-199942;2659;23;23;53.13201;300;40.70753;75;11.91307;0;0;
29;Arcade;ArcadeCar-199942;2607;23;23;52.16369;300;41.71506;75;10.0406;0;0;
30;Arcade;ArcadeCar-199942;2663;23;23;53.25595;300;40.60123;75;12.11032;0;0;
31;Arcade;ArcadeCar-199942;2744;23;23;54.8524;300;39.50344;75;13.943;0;0;
32;Arcade;ArcadeCar-199942;2977;23;23;59.60617;300;36.61217;75;19.06451;0;0;
33;Arcade;ArcadeCar-199942;2800;23;23;55.98217;300;38.65933;75;14.78177;0;0;
34;Arcade;ArcadeCar-199942;2700;23;23;54.00773;300;40.14637;75;12.59463;0;0;
35;Arcade;ArcadeCar-199942;2642;23;23;52.85065;300;40.87563;75;12.13598;0;0;
36;Arcade;ArcadeCar-199942;2788;23;23;55.75772;300;38.77827;75;15.25211;0;0;
37;Arcade;ArcadeCar-199942;2704;23;23;54.06957;300;40.12116;75;12.97371;0;0;
38;Arcade;ArcadeCar-199942;2644;23;23;52.87774;300;40.85892;75;12.14258;0;0;
39;Arcade;ArcadeCar-199942;2882;23;23;57.59827;300;37.5177;75;16.99061;0;0;
40;Arcade;ArcadeCar-199942;2732;23;23;54.66031;300;39.7074;75;13.71389;0;0;
41;Arcade;ArcadeCar-199942;2632;23;23;52.60117;300;40.91769;75;11.80888;0;0;
42;Arcade;ArcadeCar-199942;2807;23;23;56.14619;300;38.72704;75;14.62188;0;0;
43;Arcade;ArcadeCar-199942;2750;23;23;55.04398;300;39.1962;75;14.52059;0;0;
44;Arcade;ArcadeCar-199942;2683;23;23;53.6306;300;40.36766;75;12.81362;0;0;
45;Arcade;ArcadeCar-199942;3071;23;23;61.43965;300;35.27343;75;20.55299;0;0;
46;Arcade;ArcadeCar-199942;2840;23;23;56.78932;300;38.17432;75;15.71955;0;0;
47;Arcade;ArcadeCar-199942;2808;23;23;56.17467;300;38.8844;75;14.78476;0;0;
48;Arcade;ArcadeCar-199942;2667;23;23;53.32798;300;40.34048;75;12.30694;0;0;
49;Arcade;ArcadeCar-199942;2779;23;23;55.60689;300;38.99222;75;14.32;0;0;
50;Arcade;ArcadeCar-199942;2626;23;23;52.48391;300;40.9472;75;11.89137;0;0;
0;Arcade;ArcadeCar-299905;2575;23;23;51.54528;300;41.96881;75;10.10489;0;0;
1;Arcade;ArcadeCar-299905;2615;23;23;52.30392;300;41.29503;75;11.84457;0;0;
2;Arcade;ArcadeCar-299905;2800;23;23;55.92651;300;38.83858;75;14.21106;0;0;
3;Arcade;ArcadeCar-299905;2577;23;23;51.6057;300;41.76881;75;10.65103;0;0;
4;Arcade;ArcadeCar-299905;2617;23;23;52.33278;300;41.34201;75;11.02401;0;0;
5;Arcade;ArcadeCar-299905;2632;23;23;52.62613;300;40.93644;75;11.35392;0;0;
6;Arcade;ArcadeCar-299905;2634;23;23;52.66092;300;41.12297;75;12.49239;0;0;
7;Arcade;ArcadeCar-299905;2660;23;23;53.21078;300;40.86575;75;11.60741;0;0;
8;Arcade;ArcadeCar-299905;2525;23;23;50.48034;300;42.62334;75;9.727807;0;0;
9;Arcade;ArcadeCar-299905;2621;23;23;52.46347;300;40.60064;75;12.46782;0;0;
10;Arcade;ArcadeCar-299905;1504;14;23;300;300;42.58286;75;6.167953;0;0;
11;Arcade;ArcadeCar-299905;2573;23;23;51.47446;300;41.52607;75;11.6866;0;0;
12;Arcade;ArcadeCar-299905;2646;23;23;52.92607;300;40.98127;75;12.02395;0;0;
13;Arcade;ArcadeCar-299905;2640;23;23;52.83003;300;40.41738;75;12.51884;0;0;
14;Arcade;ArcadeCar-299905;2676;23;23;53.50547;300;40.54892;75;12.31508;0;0;
15;Arcade;ArcadeCar-299905;2683;23;23;53.66776;300;40.13843;75;12.37058;0;0;
16;Arcade;ArcadeCar-299905;2821;23;23;56.40525;300;38.43456;75;14.65443;0;0;
17;Arcade;ArcadeCar-299905;2645;23;23;52.9028;300;40.88639;75;12.011;0;0;
18;Arcade;ArcadeCar-299905;2728;23;23;54.57581;300;39.51996;75;13.71084;0;0;
19;Arcade;ArcadeCar-299905;2697;23;23;53.85915;300;40.30531;75;11.85055;0;0;
20;Arcade;ArcadeCar-299905;2600;23;23;52.02377;300;41.34083;75;11.30043;0;0;
21;Arcade;ArcadeCar-299905;2655;23;23;53.15332;300;40.71019;75;12.41951;0;0;
22;Arcade;ArcadeCar-299905;2661;23;23;53.19449;300;40.67945;75;11.48559;0;0;
23;Arcade;ArcadeCar-299905;2790;23;23;55.84425;300;39.00821;75;14.45945;0;0;
24;Arcade;ArcadeCar-299905;2665;23;23;53.28562;300;40.64304;75;11.86449;0;0;
25;Arcade;ArcadeCar-299905;2613;23;23;52.20076;300;41.54956;75;11.70354;0;0;
26;Arcade;ArcadeCar-299905;1537;14;23;300;300;42.64986;75;6.527561;0;0;
27;Arcade;ArcadeCar-299905;2730;23;23;54.591;300;39.61145;75;12.91676;0;0;
28;Arcade;ArcadeCar-299905;2659;23;23;53.1918;300;40.60758;75;11.8497;0;0;
29;Arcade;ArcadeCar-299905;2625;23;23;52.47692;300;41.21899;75;10.9835;0;0;
30;Arcade;ArcadeCar-299905;2734;23;23;54.70789;300;39.9996;75;12.81849;0;0;
31;Arcade;ArcadeCar-299905;2775;23;23;55.44637;300;39.10849;75;14.36797;0;0;
32;Arcade;ArcadeCar-299905;2653;23;23;53.09308;300;41.11025;75;11.53576;0;0;
33;Arcade;ArcadeCar-299905;2629;23;23;52.55815;300;41.05611;75;11.26796;0;0;
34;Arcade;ArcadeCar-299905;2752;23;23;55.08018;300;39.45878;75;13.58325;0;0;
35;Arcade;ArcadeCar-299905;2677;23;23;53.50086;300;40.53039;75;12.09476;0;0;
36;Arcade;ArcadeCar-299905;2693;23;23;53.8593;300;40.16496;75;12.31623;0;0;
37;Arcade;ArcadeCar-299905;2496;23;23;49.97188;300;43.14421;75;9.27971;0;0;
38;Arcade;ArcadeCar-299905;2918;23;23;58.34472;300;37.15294;75;17.77548;0;0;
39;Arcade;ArcadeCar-299905;2677;23;23;53.54106;300;40.61708;75;12.52919;0;0;
40;Arcade;ArcadeCar-299905;2699;23;23;53.97384;300;40.36089;75;12.43847;0;0;
41;Arcade;ArcadeCar-299905;2740;23;23;54.81512;300;39.51791;75;13.2341;0;0;
42;Arcade;ArcadeCar-299905;2730;23;23;54.56943;300;39.76503;75;12.6694;0;0;
43;Arcade;ArcadeCar-299905;2545;23;23;50.79082;300;42.56799;75;10.15054;0;0;
44;Arcade;ArcadeCar-299905;2769;23;23;55.48249;300;38.99727;75;13.61642;0;0;
45;Arcade;ArcadeCar-299905;2614;23;23;52.30797;300;41.24204;75;11.48466;0;0;
46;Arcade;ArcadeCar-299905;2685;23;23;53.70932;300;40.48116;75;12.28914;0;0;
47;Arcade;ArcadeCar-299905;2657;23;23;53.09162;300;40.67204;75;11.85179;0;0;
48;Arcade;ArcadeCar-299905;2663;23;23;53.27518;300;40.7364;75;11.91902;0;0;
49;Arcade;ArcadeCar-299905;2709;23;23;54.21377;300;40.16651;75;13.0277;0;0;
50;Arcade;ArcadeCar-299905;2627;23;23;52.47538;300;41.26884;75;11.28555;0;0;
0;Arcade;ArcadeCar-399941;2625;23;23;52.55213;300;41.10745;75;10.79168;0;0;
1;Arcade;ArcadeCar-399941;2514;23;23;50.24391;300;42.5094;75;9.593815;0;0;
2;Arcade;ArcadeCar-399941;2684;23;23;53.71389;300;40.2933;75;11.95323;0;0;
3;Arcade;ArcadeCar-399941;2563;23;23;51.21632;300;41.97459;75;9.876251;0;0;
4;Arcade;ArcadeCar-399941;2658;23;23;53.21166;300;40.71973;75;11.61627;0;0;
5;Arcade;ArcadeCar-399941;2624;23;23;52.49257;300;41.319;75;11.13499;0;0;
6;Arcade;ArcadeCar-399941;2737;23;23;54.73573;300;39.50008;75;13.30045;0;0;
7;Arcade;ArcadeCar-399941;2573;23;23;51.45118;300;41.81295;75;9.909557;0;0;
8;Arcade;ArcadeCar-399941;2556;23;23;51.09436;300;42.07739;75;9.492699;0;0;
9;Arcade;ArcadeCar-399941;2601;23;23;52.03846;300;41.17753;75;10.5544;0;0;
10;Arcade;ArcadeCar-399941;2607;23;23;52.08686;300;41.22584;75;11.04763;0;0;
11;Arcade;ArcadeCar-399941;2595;23;23;51.93283;300;41.52747;75;9.941857;0;0;
12;Arcade;ArcadeCar-399941;1567;14;23;300;300;41.47509;75;7.152843;0;0;
13;Arcade;ArcadeCar-399941;2770;23;23;55.40847;300;38.98621;75;14.18897;0;0;
14;Arcade;ArcadeCar-399941;2555;23;23;51.15157;300;42.26069;75;9.363543;0;0;
15;Arcade;ArcadeCar-399941;2636;23;23;52.72491;300;41.05917;75;11.27708;0;0;
16;Arcade;ArcadeCar-399941;2723;23;23;53.77912;300;39.79046;75;13.28253;0;0;
17;Arcade;ArcadeCar-399941;2701;23;23;54.66114;300;40.21043;75;12.16309;0;0;
18;Arcade;ArcadeCar-399941;1615;14;23;300;300;40.466;75;8.481075;0;0;
19;Arcade;ArcadeCar-399941;2621;23;23;52.39054;300;41.13639;75;10.33478;0;0;
20;Arcade;ArcadeCar-399941;2548;23;23;50.96478;300;42.35265;75;9.968292;0;0;
21;Arcade;ArcadeCar-399941;2841;15;23;300;300;24.71759;75;33.08598;0;0;
22;Arcade;ArcadeCar-399941;2504;23;23;50.05461;300;43.26657;75;7.977762;0;0;
23;Arcade;ArcadeCar-399941;2916;23;23;58.31366;300;37.30441;75;16.27028;0;0;
24;Arcade;ArcadeCar-399941;2612;23;23;52.2447;300;41.06787;75;11.28016;0;0;
25;Arcade;ArcadeCar-399941;2558;23;23;51.1238;300;41.78105;75;10.93828;0;0;
26;Arcade;ArcadeCar-399941;2690;23;23;53.77133;300;40.16748;75;13.94129;0;0;
27;Arcade;ArcadeCar-399941;2767;23;23;55.39717;300;39.22285;75;12.17798;0;0;
28;Arcade;ArcadeCar-399941;2688;23;23;53.72586;300;40.27214;75;12.58036;0;0;
29;Arcade;ArcadeCar-399941;2710;23;23;54.25043;300;39.68766;75;12.63142;0;0;
30;Arcade;ArcadeCar-399941;2735;23;23;54.71681;300;39.45899;75;12.56326;0;0;
31;Arcade;ArcadeCar-399941;2685;23;23;53.63844;300;40.18658;75;12.14683;0;0;
32;Arcade;ArcadeCar-399941;2588;23;23;51.82829;300;41.69973;75;10.40896;0;0;
33;Arcade;ArcadeCar-399941;2792;23;23;55.82975;300;38.80449;75;13.70969;0;0;
34;Arcade;ArcadeCar-399941;2627;23;23;52.52441;300;41.12003;75;10.99455;0;0;
35;Arcade;ArcadeCar-399941;2688;23;23;53.78431;300;40.13022;75;12.49883;0;0;
36;Arcade;ArcadeCar-399941;2694;23;23;53.82024;300;40.4558;75;11.48156;0;0;
37;Arcade;ArcadeCar-399941;2709;23;23;54.22183;300;39.81487;75;12.31749;0;0;
38;Arcade;ArcadeCar-399941;2651;23;23;53.00119;300;40.70721;75;11.42155;0;0;
39;Arcade;ArcadeCar-399941;2779;23;23;55.62323;300;39.14692;75;13.52974;0;0;
40;Arcade;ArcadeCar-399941;2660;23;23;53.14435;300;40.5208;75;11.31967;0;0;
41;Arcade;ArcadeCar-399941;2531;23;23;50.66026;300;42.79871;75;9.21876;0;0;
42;Arcade;ArcadeCar-399941;2625;23;23;52.51804;300;41.31795;75;10.81255;0;0;
43;Arcade;ArcadeCar-399941;2751;23;23;55.00317;300;39.16126;75;13.91287;0;0;
44;Arcade;ArcadeCar-399941;2583;23;23;51.67077;300;41.63663;75;10.41793;0;0;
45;Arcade;ArcadeCar-399941;2703;23;23;54.00018;300;40.02583;75;11.88195;0;0;
46;Arcade;ArcadeCar-399941;2800;23;23;55.99392;300;38.93496;75;13.56284;0;0;
47;Arcade;ArcadeCar-399941;2728;23;23;54.59215;300;39.64253;75;12.46828;0;0;
48;Arcade;ArcadeCar-399941;2597;23;23;51.92573;300;41.52038;75;10.43317;0;0;
49;Arcade;ArcadeCar-399941;2891;23;23;57.84864;300;37.45046;75;16.3321;0;0;
50;Arcade;ArcadeCar-399941;2590;23;23;51.77115;300;41.65424;75;10.0312;0;0;
0;Arcade;ArcadeCar-499972;2598;23;23;51.9611;300;41.28289;75;10.96349;0;0;
1;Arcade;ArcadeCar-499972;2763;23;23;55.25536;300;38.8922;75;13.83935;0;0;
2;Arcade;ArcadeCar-499972;2590;23;23;51.81588;300;41.5166;75;11.21913;0;0;
3;Arcade;ArcadeCar-499972;2414;23;23;48.26011;300;44.1688;75;7.692335;0;0;
4;Arcade;ArcadeCar-499972;2717;23;23;54.36168;300;39.66739;75;12.72896;0;0;
5;Arcade;ArcadeCar-499972;2695;23;23;53.87594;300;40.21855;75;12.18479;0;0;
6;Arcade;ArcadeCar-499972;2606;23;23;52.11783;300;41.20211;75;10.63196;0;0;
7;Arcade;ArcadeCar-499972;2492;23;23;49.86573;300;43.0079;75;8.056111;0;0;
8;Arcade;ArcadeCar-499972;2475;23;23;49.4899;300;43.25702;75;8.139773;0;0;
9;Arcade;ArcadeCar-499972;2560;23;23;51.2207;300;41.81861;75;9.938089;0;0;
10;Arcade;ArcadeCar-499972;2707;23;23;54.14431;300;39.94466;75;12.10453;0;0;
11;Arcade;ArcadeCar-499972;2679;23;23;53.55391;300;40.40925;75;12.18264;0;0;
12;Arcade;ArcadeCar-499972;2671;23;23;53.47262;300;40.39735;75;11.47829;0;0;
13;Arcade;ArcadeCar-499972;1516;14;23;300;300;42.19408;75;6.475735;0;0;
14;Arcade;ArcadeCar-499972;2680;23;23;53.63617;300;40.09985;75;12.23538;0;0;
15;Arcade;ArcadeCar-499972;2638;23;23;52.7184;300;40.65947;75;11.33793;0;0;
16;Arcade;ArcadeCar-499972;2750;23;23;54.99756;300;38.90543;75;13.70564;0;0;
17;Arcade;ArcadeCar-499972;2605;23;23;52.13276;300;41.27835;75;10.76962;0;0;
18;Arcade;ArcadeCar-499972;2687;23;23;53.73545;300;40.081;75;13.44121;0;0;
19;Arcade;ArcadeCar-499972;2678;23;23;53.59967;300;40.03204;75;12.31256;0;0;
20;Arcade;ArcadeCar-499972;2493;23;23;49.82997;300;42.95326;75;9.224908;0;0;
21;Arcade;ArcadeCar-499972;2463;23;23;49.26111;300;43.4205;75;7.882;0;0;
22;Arcade;ArcadeCar-499972;2579;23;23;51.58758;300;41.62252;75;10.84681;0;0;
23;Arcade;ArcadeCar-499972;1543;14;23;300;300;41.8499;75;7.339844;0;0;
24;Arcade;ArcadeCar-499972;2742;23;23;54.85112;300;39.28226;75;13.00103;0;0;
25;Arcade;ArcadeCar-499972;2553;23;23;51.05524;300;42.03658;75;9.508403;0;0;
26;Arcade;ArcadeCar-499972;2702;15;23;300;300;25.6675;75;30.36262;0;0;
27;Arcade;ArcadeCar-499972;2612;23;23;52.24015;300;40.99187;75;10.96029;0;0;
28;Arcade;ArcadeCar-499972;2681;23;23;53.61063;300;40.05378;75;11.92617;0;0;
29;Arcade;ArcadeCar-499972;2504;23;23;50.10899;300;42.63055;75;9.45099;0;0;
30;Arcade;ArcadeCar-499972;2704;23;23;54.06846;300;39.65918;75;12.90485;0;0;
31;Arcade;ArcadeCar-499972;2642;23;23;52.83158;300;40.65355;75;11.06962;0;0;
32;Arcade;ArcadeCar-499972;2508;23;23;50.11852;300;42.5628;75;8.456433;0;0;
33;Arcade;ArcadeCar-499972;2575;23;23;51.5145;300;41.53843;75;10.30203;0;0;
34;Arcade;ArcadeCar-499972;2676;23;23;53.57588;300;40.10221;75;12.01925;0;0;
35;Arcade;ArcadeCar-499972;2721;23;23;54.40081;300;39.83046;75;13.18742;0;0;
36;Arcade;ArcadeCar-499972;2597;23;23;51.94659;300;41.25668;75;10.13009;0;0;
37;Arcade;ArcadeCar-499972;2456;23;23;49.10831;300;43.08815;75;8.898252;0;0;
38;Arcade;ArcadeCar-499972;2458;23;23;49.15397;300;43.32862;75;8.306685;0;0;
39;Arcade;ArcadeCar-499972;2515;23;23;50.29484;300;42.17852;75;10.30947;0;0;
40;Arcade;ArcadeCar-499972;2552;23;23;51.01537;300;42.21617;75;9.8888;0;0;
41;Arcade;ArcadeCar-499972;2483;23;23;49.65673;300;42.74445;75;9.22795;0;0;
42;Arcade;ArcadeCar-499972;2701;23;23;54.03366;300;39.94964;75;12.69275;0;0;
43;Arcade;ArcadeCar-499972;2661;23;23;53.21546;300;40.58298;75;11.74447;0;0;
44;Arcade;ArcadeCar-499972;2549;23;23;51.04109;300;41.38938;75;10.68146;0;0;
45;Arcade;ArcadeCar-499972;2510;23;23;50.17239;300;42.65405;75;8.866514;0;0;
46;Arcade;ArcadeCar-499972;2627;23;23;52.56149;300;40.73596;75;10.75769;0;0;
47;Arcade;ArcadeCar-499972;2606;23;23;52.06409;300;41.20718;75;9.508641;0;0;
48;Arcade;ArcadeCar-499972;2615;23;23;52.31025;300;41.11741;75;10.98884;0;0;
49;Arcade;ArcadeCar-499972;2465;23;23;49.30416;300;43.6649;75;8.124325;0;0;
50;Arcade;ArcadeCar-499972;1515;14;23;300;300;42.75228;75;6.429206;0;0;
0;Arcade;ArcadeCar-599904;2734;23;23;54.6477;300;39.26823;75;13.06993;0;0;
1;Arcade;ArcadeCar-599904;2709;23;23;54.22498;300;39.88434;75;12.87132;0;0;
2;Arcade;ArcadeCar-599904;2688;23;23;53.71313;300;39.96236;75;12.24532;0;0;
3;Arcade;ArcadeCar-599904;2635;23;23;52.70082;300;40.86559;75;10.80336;0;0;
4;Arcade;ArcadeCar-599904;2716;23;23;54.35355;300;39.85891;75;13.02956;0;0;
5;Arcade;ArcadeCar-599904;2599;23;23;51.9756;300;41.49178;75;9.654582;0;0;
6;Arcade;ArcadeCar-599904;2644;23;23;52.88772;300;40.77637;75;11.74428;0;0;
7;Arcade;ArcadeCar-599904;1512;14;23;300;300;42.90386;75;5.904335;0;0;
8;Arcade;ArcadeCar-599904;1529;14;23;300;300;42.3773;75;5.973853;0;0;
9;Arcade;ArcadeCar-599904;2648;23;23;52.94259;300;40.84637;75;11.04711;0;0;
10;Arcade;ArcadeCar-599904;1521;14;23;300;300;42.13121;75;6.389024;0;0;
11;Arcade;ArcadeCar-599904;2642;23;23;52.79993;300;40.59198;75;11.28682;0;0;
12;Arcade;ArcadeCar-599904;2651;23;23;53.08577;300;40.56829;75;11.76887;0;0;
13;Arcade;ArcadeCar-599904;1564;14;23;300;300;41.86053;75;6.987436;0;0;
14;Arcade;ArcadeCar-599904;2643;23;23;52.87965;300;40.84486;75;11.62565;0;0;
15;Arcade;ArcadeCar-599904;2643;23;23;52.86292;300;40.5841;75;11.00036;0;0;
16;Arcade;ArcadeCar-599904;2400;23;23;47.99508;300;44.56744;75;7.064359;0;0;
17;Arcade;ArcadeCar-599904;2461;23;23;49.22919;300;43.52167;75;7.91331;0;0;
18;Arcade;ArcadeCar-599904;1541;14;23;300;300;41.8374;75;6.416092;0;0;
19;Arcade;ArcadeCar-599904;1500;14;23;300;300;42.77851;75;6.191148;0;0;
20;Arcade;ArcadeCar-599904;2699;23;23;53.9433;300;39.97451;75;12.66704;0;0;
21;Arcade;ArcadeCar-599904;1526;14;23;300;300;42.47746;75;6.430653;0;0;
22;Arcade;ArcadeCar-599904;2669;23;23;53.38103;300;40.42266;75;11.0097;0;0;
23;Arcade;ArcadeCar-599904;2642;23;23;52.83199;300;40.84657;75;11.03562;0;0;
24;Arcade;ArcadeCar-599904;1516;14;23;300;300;42.6391;75;6.082167;0;0;
25;Arcade;ArcadeCar-599904;2690;23;23;53.74759;300;40.15561;75;11.67741;0;0;
26;Arcade;ArcadeCar-599904;2488;23;23;49.76745;300;42.74297;75;8.804749;0;0;
27;Arcade;ArcadeCar-599904;2463;23;23;49.29936;300;42.81799;75;9.780436;0;0;
28;Arcade;ArcadeCar-599904;2686;23;23;53.7053;300;40.08701;75;12.3157;0;0;
29;Arcade;ArcadeCar-599904;1546;14;23;300;300;41.69696;75;6.630639;0;0;
30;Arcade;ArcadeCar-599904;2646;23;23;52.91095;300;40.55465;75;11.50515;0;0;
31;Arcade;ArcadeCar-599904;2658;23;23;53.16648;300;40.34087;75;11.46757;0;0;
32;Arcade;ArcadeCar-599904;2683;23;23;53.69456;300;39.92315;75;13.03214;0;0;
33;Arcade;ArcadeCar-599904;2491;23;23;49.75148;300;42.20137;75;9.309498;0;0;
34;Arcade;ArcadeCar-599904;2718;23;23;54.36664;300;39.93183;75;12.61743;0;0;
35;Arcade;ArcadeCar-599904;2763;15;23;300;300;25.18261;75;31.11054;0;0;
36;Arcade;ArcadeCar-599904;1530;14;23;300;300;42.38126;75;6.591693;0;0;
37;Arcade;ArcadeCar-599904;2576;23;23;51.52117;300;41.55955;75;9.930468;0;0;
38;Arcade;ArcadeCar-599904;1533;14;23;300;300;41.55344;75;6.644451;0;0;
39;Arcade;ArcadeCar-599904;2737;23;23;54.70704;300;39.51206;75;13.14205;0;0;
40;Arcade;ArcadeCar-599904;2600;23;23;52.01194;300;41.26321;75;10.74196;0;0;
41;Arcade;ArcadeCar-599904;2690;23;23;53.80954;300;39.95288;75;13.35004;0;0;
42;Arcade;ArcadeCar-599904;2671;23;23;53.40726;300;40.32744;75;12.01273;0;0;
43;Arcade;ArcadeCar-599904;2538;23;23;50.75605;300;42.2862;75;10.3044;0;0;
44;Arcade;ArcadeCar-599904;2611;23;23;52.22494;300;41.27175;75;10.4645;0;0;
45;Arcade;ArcadeCar-599904;1522;14;23;300;300;42.8754;75;6.147738;0;0;
46;Arcade;ArcadeCar-599904;1556;14;23;300;300;41.27414;75;7.172365;0;0;
47;Arcade;ArcadeCar-599904;2627;23;23;52.49755;300;40.85249;75;11.2125;0;0;
48;Arcade;ArcadeCar-599904;1530;14;23;300;300;41.99842;75;6.383238;0;0;
49;Arcade;ArcadeCar-599904;2556;23;23;51.11191;300;42.47188;75;10.48707;0;0;
50;Arcade;ArcadeCar-599904;1536;14;23;300;300;42.04319;75;6.741934;0;0;
0;Arcade;ArcadeCar-699917;1551;14;23;300;300;41.21199;75;8.261132;0;0;
1;Arcade;ArcadeCar-699917;2568;23;23;51.31199;300;41.53558;75;10.62219;0;0;
2;Arcade;ArcadeCar-699917;2563;23;23;51.25013;300;42.0116;75;11.41147;0;0;
3;Arcade;ArcadeCar-699917;1537;15;23;300;300;41.92916;75;7.340349;0;0;
4;Arcade;ArcadeCar-699917;2650;23;23;53.04248;300;40.49252;75;11.78079;0;0;
5;Arcade;ArcadeCar-699917;2639;23;23;52.74547;300;40.37899;75;12.27178;0;0;
6;Arcade;ArcadeCar-699917;2438;23;23;48.7569;300;43.46564;75;8.561252;0;0;
7;Arcade;ArcadeCar-699917;2603;23;23;52.04853;300;41.33944;75;11.06882;0;0;
8;Arcade;ArcadeCar-699917;2532;23;23;50.62162;300;41.87535;75;11.64298;0;0;
9;Arcade;ArcadeCar-699917;2617;23;23;52.37268;300;41.21933;75;11.54878;0;0;
10;Arcade;ArcadeCar-699917;2763;23;23;55.29678;300;38.32357;75;14.44395;0;0;
11;Arcade;ArcadeCar-699917;2605;23;23;52.08524;300;41.06903;75;11.36197;0;0;
12;Arcade;ArcadeCar-699917;2594;23;23;51.82622;300;41.15525;75;11.23867;0;0;
13;Arcade;ArcadeCar-699917;2443;23;23;48.90969;300;43.79707;75;8.267344;0;0;
14;Arcade;ArcadeCar-699917;2500;23;23;49.93845;300;42.9205;75;9.870878;0;0;
15;Arcade;ArcadeCar-699917;2508;23;23;50.22721;300;42.37409;75;9.75625;0;0;
16;Arcade;ArcadeCar-699917;2590;23;23;51.75905;300;41.34331;75;10.37881;0;0;
17;Arcade;ArcadeCar-699917;2668;23;23;53.39772;300;40.38068;75;12.84065;0;0;
18;Arcade;ArcadeCar-699917;1600;14;23;300;300;40.22286;75;8.108494;0;0;
19;Arcade;ArcadeCar-699917;2526;23;23;50.48821;300;42.43395;75;10.40723;0;0;
20;Arcade;ArcadeCar-699917;2603;23;23;52.086;300;41.23951;75;10.4975;0;0;
21;Arcade;ArcadeCar-699917;1501;14;23;300;300;42.66249;75;6.330911;0;0;
22;Arcade;ArcadeCar-699917;1590;14;23;300;300;40.59087;75;8.360455;0;0;
23;Arcade;ArcadeCar-699917;2467;23;23;49.34546;300;43.25639;75;8.57683;0;0;
24;Arcade;ArcadeCar-699917;2577;23;23;51.55457;300;41.2836;75;10.68241;0;0;
25;Arcade;ArcadeCar-699917;2607;23;23;52.17205;300;40.91669;75;10.95572;0;0;
26;Arcade;ArcadeCar-699917;1761;14;23;300;300;36.02173;75;11.79878;0;0;
27;Arcade;ArcadeCar-699917;2607;23;23;52.13354;300;41.19469;75;10.95382;0;0;
28;Arcade;ArcadeCar-699917;1504;14;23;300;300;42.59858;75;6.533748;0;0;
29;Arcade;ArcadeCar-699917;2580;23;23;51.66;300;41.43858;75;11.08279;0;0;
30;Arcade;ArcadeCar-699917;2562;23;23;51.21817;300;41.73798;75;10.37067;0;0;
31;Arcade;ArcadeCar-699917;2507;23;23;50.09268;300;42.81212;75;10.64417;0;0;
32;Arcade;ArcadeCar-699917;2701;23;23;54.06572;300;39.97762;75;13.75178;0;0;
33;Arcade;ArcadeCar-699917;1571;14;23;300;300;41.28981;75;7.58934;0;0;
34;Arcade;ArcadeCar-699917;1577;14;23;300;300;41.03308;75;8.287153;0;0;
35;Arcade;ArcadeCar-699917;2561;23;23;51.29332;300;41.84522;75;10.67278;0;0;
36;Arcade;ArcadeCar-699917;1525;14;23;300;300;42.37822;75;6.894174;0;0;
37;Arcade;ArcadeCar-699917;1636;14;23;300;300;39.6553;75;8.968106;0;0;
38;Arcade;ArcadeCar-699917;1612;14;23;300;300;40.55951;75;8.955277;0;0;
39;Arcade;ArcadeCar-699917;1535;14;23;300;300;41.50254;75;7.114753;0;0;
40;Arcade;ArcadeCar-699917;2564;23;23;51.28413;300;41.49966;75;10.3455;0;0;
41;Arcade;ArcadeCar-699917;2561;23;23;51.21429;300;41.47701;75;10.07646;0;0;
42;Arcade;ArcadeCar-699917;2538;23;23;50.71505;300;42.04572;75;9.782244;0;0;
43;Arcade;ArcadeCar-699917;2600;23;23;51.97807;300;41.13742;75;11.44279;0;0;
44;Arcade;ArcadeCar-699917;2640;23;23;52.85695;300;40.67972;75;13.02848;0;0;
45;Arcade;ArcadeCar-699917;2619;23;23;52.37374;300;40.69194;75;12.0003;0;0;
46;Arcade;ArcadeCar-699917;1557;15;23;300;300;41.63271;75;8.131971;0;0;
47;Arcade;ArcadeCar-699917;2973;23;23;59.44614;300;36.00466;75;18.518;0;0;
48;Arcade;ArcadeCar-699917;2504;23;23;50.08973;300;42.74609;75;9.090585;0;0;
49;Arcade;ArcadeCar-699917;2664;23;23;53.27376;300;40.51612;75;12.27334;0;0;
50;Arcade;ArcadeCar-699917;1514;14;23;300;300;42.62902;75;6.639776;0;0;
0;Arcade;ArcadeCar-799988;2496;23;23;49.96027;300;43.30545;75;9.031698;0;0;
1;Arcade;ArcadeCar-799988;2636;23;23;52.71991;300;40.94162;75;12.65596;0;0;
2;Arcade;ArcadeCar-799988;2871;23;23;57.41407;300;37.4866;75;16.40142;0;0;
3;Arcade;ArcadeCar-799988;2466;23;23;49.30982;300;43.55465;75;9.3018;0;0;
4;Arcade;ArcadeCar-799988;2570;23;23;51.41249;300;41.94218;75;10.72376;0;0;
5;Arcade;ArcadeCar-799988;2520;23;23;50.3876;300;42.75987;75;9.442142;0;0;
6;Arcade;ArcadeCar-799988;2488;23;23;49.82019;300;43.22797;75;9.077779;0;0;
7;Arcade;ArcadeCar-799988;1545;14;23;300;300;42.1701;75;7.251511;0;0;
8;Arcade;ArcadeCar-799988;2531;23;23;50.62015;300;42.65942;75;10.83134;0;0;
9;Arcade;ArcadeCar-799988;2531;23;23;49.83276;300;42.78171;75;10.67525;0;0;
10;Arcade;ArcadeCar-799988;2517;23;23;51.14862;300;42.76617;75;10.24319;0;0;
11;Arcade;ArcadeCar-799988;2576;23;23;51.51261;300;41.93349;75;10.15332;0;0;
12;Arcade;ArcadeCar-799988;2602;23;23;52.06351;300;41.75095;75;11.46755;0;0;
13;Arcade;ArcadeCar-799988;2479;23;23;49.52048;300;43.47951;75;8.709991;0;0;
14;Arcade;ArcadeCar-799988;2558;23;23;51.21761;300;42.02896;75;10.29289;0;0;
15;Arcade;ArcadeCar-799988;2604;23;23;52.09509;300;41.76129;75;13.13451;0;0;
16;Arcade;ArcadeCar-799988;2617;23;23;52.28002;300;41.69291;75;11.89599;0;0;
17;Arcade;ArcadeCar-799988;2564;23;23;51.27293;300;42.42818;75;11.15183;0;0;
18;Arcade;ArcadeCar-799988;2495;23;23;49.95449;300;43.08729;75;9.099906;0;0;
19;Arcade;ArcadeCar-799988;2514;23;23;50.2447;300;42.68855;75;9.491757;0;0;
20;Arcade;ArcadeCar-799988;2571;23;23;51.45791;300;42.0325;75;10.24607;0;0;
21;Arcade;ArcadeCar-799988;2608;23;23;52.10117;300;41.33156;75;11.01797;0;0;
22;Arcade;ArcadeCar-799988;2556;23;23;51.19206;300;42.05372;75;10.8331;0;0;
23;Arcade;ArcadeCar-799988;2612;23;23;52.16848;300;41.09502;75;11.06866;0;0;
24;Arcade;ArcadeCar-799988;2465;23;23;49.36951;300;43.60862;75;8.820814;0;0;
25;Arcade;ArcadeCar-799988;2588;23;23;51.76185;300;41.44186;75;11.1154;0;0;
26;Arcade;ArcadeCar-799988;2552;23;23;51.03157;300;42.43304;75;10.96657;0;0;
27;Arcade;ArcadeCar-799988;2514;23;23;50.2643;300;42.98247;75;10.55912;0;0;
28;Arcade;ArcadeCar-799988;2547;23;23;50.9068;300;42.13132;75;10.34116;0;0;
29;Arcade;ArcadeCar-799988;2506;23;23;50.15773;300;42.80906;75;9.523239;0;0;
30;Arcade;ArcadeCar-799988;2563;23;23;51.20338;300;42.39789;75;10.92256;0;0;
31;Arcade;ArcadeCar-799988;2453;23;23;49.13673;300;43.45565;75;8.678685;0;0;
32;Arcade;ArcadeCar-799988;2533;23;23;50.60542;300;42.58891;75;9.58809;0;0;
33;Arcade;ArcadeCar-799988;2551;23;23;51.03345;300;42.18327;75;10.3985;0;0;
34;Arcade;ArcadeCar-799988;2534;23;23;50.65351;300;42.87429;75;10.12305;0;0;
35;Arcade;ArcadeCar-799988;2908;14;23;300;300;24.16355;75;34.42796;0;0;
36;Arcade;ArcadeCar-799988;2475;23;23;49.54818;300;43.39408;75;8.83296;0;0;
37;Arcade;ArcadeCar-799988;2592;23;23;51.81966;300;41.6469;75;10.54058;0;0;
38;Arcade;ArcadeCar-799988;2589;23;23;51.79327;300;41.73032;75;10.95919;0;0;
39;Arcade;ArcadeCar-799988;2534;23;23;50.64833;300;42.82963;75;10.0678;0;0;
40;Arcade;ArcadeCar-799988;2499;23;23;50.01513;300;42.96166;75;10.12409;0;0;
41;Arcade;ArcadeCar-799988;2559;23;23;51.16056;300;42.38239;75;11.22039;0;0;
42;Arcade;ArcadeCar-799988;2565;23;23;51.27491;300;41.96561;75;10.41231;0;0;
43;Arcade;ArcadeCar-799988;2526;23;23;50.54749;300;42.56706;75;9.889574;0;0;
44;Arcade;ArcadeCar-799988;2479;23;23;49.54926;300;43.35249;75;9.077341;0;0;
45;Arcade;ArcadeCar-799988;2586;23;23;51.77211;300;41.74584;75;10.74954;0;0;
46;Arcade;ArcadeCar-799988;2505;23;23;50.03468;300;43.22281;75;9.932351;0;0;
47;Arcade;ArcadeCar-799988;2595;23;23;51.92176;300;41.45927;75;11.01687;0;0;
48;Arcade;ArcadeCar-799988;2531;23;23;50.65695;300;42.34496;75;10.59251;0;0;
49;Arcade;ArcadeCar-799988;2525;23;23;50.46645;300;42.5533;75;9.385816;0;0;
50;Arcade;ArcadeCar-799988;2548;23;23;50.94734;300;41.94037;75;11.04784;0;0;
0;Arcade;ArcadeCar-899902;2491;23;23;49.8717;300;43.18646;75;9.694618;0;0;
1;Arcade;ArcadeCar-899902;2388;23;23;47.7237;300;44.71434;75;8.079061;0;0;
2;Arcade;ArcadeCar-899902;2537;23;23;50.75371;300;42.82254;75;10.82907;0;0;
3;Arcade;ArcadeCar-899902;2436;23;23;48.72747;300;44.12688;75;8.849586;0;0;
4;Arcade;ArcadeCar-899902;2529;23;23;50.55571;300;43.06076;75;10.66148;0;0;
5;Arcade;ArcadeCar-899902;2550;23;23;51.01436;300;42.44537;75;9.858974;0;0;
6;Arcade;ArcadeCar-899902;2510;23;23;50.21908;300;42.91683;75;9.670697;0;0;
7;Arcade;ArcadeCar-899902;2544;23;23;50.8192;300;42.19836;75;10.13247;0;0;
8;Arcade;ArcadeCar-899902;2569;23;23;51.3963;300;42.40165;75;11.29407;0;0;
9;Arcade;ArcadeCar-899902;2480;23;23;49.61012;300;43.27948;75;9.145452;0;0;
10;Arcade;ArcadeCar-899902;2503;23;23;50.06668;300;43.13955;75;10.32117;0;0;
11;Arcade;ArcadeCar-899902;2496;23;23;49.94179;300;43.2352;75;9.763346;0;0;
12;Arcade;ArcadeCar-899902;2398;23;23;47.92761;300;44.70162;75;7.408789;0;0;
13;Arcade;ArcadeCar-899902;2554;23;23;51.08082;300;42.58039;75;11.13013;0;0;
14;Arcade;ArcadeCar-899902;2457;23;23;49.12047;300;43.74985;75;8.719429;0;0;
15;Arcade;ArcadeCar-899902;2503;23;23;50.11783;300;43.2628;75;9.968242;0;0;
16;Arcade;ArcadeCar-899902;2461;23;23;49.15323;300;43.8122;75;8.076295;0;0;
17;Arcade;ArcadeCar-899902;2518;23;23;50.40934;300;42.60902;75;10.08804;0;0;
18;Arcade;ArcadeCar-899902;2471;23;23;49.43722;300;43.26221;75;9.023176;0;0;
19;Arcade;ArcadeCar-899902;2487;23;23;49.68729;300;43.32599;75;8.809371;0;0;
20;Arcade;ArcadeCar-899902;2537;23;23;50.79589;300;42.98117;75;10.92701;0;0;
21;Arcade;ArcadeCar-899902;2475;23;23;49.47938;300;43.49213;75;9.600471;0;0;
22;Arcade;ArcadeCar-899902;2517;23;23;50.30201;300;43.25975;75;10.22046;0;0;
23;Arcade;ArcadeCar-899902;2384;23;23;47.66865;300;44.79074;75;8.008941;0;0;
24;Arcade;ArcadeCar-899902;2564;23;23;51.35246;300;42.70844;75;10.95256;0;0;
25;Arcade;ArcadeCar-899902;2531;23;23;50.61781;300;42.84861;75;10.30518;0;0;
26;Arcade;ArcadeCar-899902;2471;23;23;49.38082;300;43.51999;75;9.179799;0;0;
27;Arcade;ArcadeCar-899902;2478;23;23;49.56903;300;43.31718;75;9.445806;0;0;
28;Arcade;ArcadeCar-899902;2499;23;23;49.98698;300;43.32805;75;9.921198;0;0;
29;Arcade;ArcadeCar-899902;2577;23;23;51.53236;300;41.8354;75;10.74049;0;0;
30;Arcade;ArcadeCar-899902;2478;23;23;49.54435;300;43.38326;75;9.24863;0;0;
31;Arcade;ArcadeCar-899902;2460;23;23;49.23902;300;43.72398;75;8.313872;0;0;
32;Arcade;ArcadeCar-899902;2492;23;23;49.84224;300;43.10968;75;9.526224;0;0;
33;Arcade;ArcadeCar-899902;2475;23;23;49.48992;300;43.47699;75;8.989601;0;0;
34;Arcade;ArcadeCar-899902;2468;23;23;49.32986;300;43.83265;75;9.223602;0;0;
35;Arcade;ArcadeCar-899902;2528;23;23;50.54426;300;42.76446;75;10.7042;0;0;
36;Arcade;ArcadeCar-899902;2517;23;23;50.40662;300;43.05755;75;10.46591;0;0;
37;Arcade;ArcadeCar-899902;2531;23;23;50.61442;300;43.07792;75;10.45975;0;0;
38;Arcade;ArcadeCar-899902;2546;23;23;50.93502;300;42.56532;75;10.87443;0;0;
39;Arcade;ArcadeCar-899902;2540;23;23;50.73615;300;42.68143;75;10.63549;0;0;
40;Arcade;ArcadeCar-899902;2522;23;23;50.48069;300;42.82721;75;9.527864;0;0;
41;Arcade;ArcadeCar-899902;2542;23;23;50.79909;300;42.54595;75;11.29011;0;0;
42;Arcade;ArcadeCar-899902;2593;23;23;51.9051;300;41.95683;75;11.72292;0;0;
43;Arcade;ArcadeCar-899902;2497;23;23;49.91071;300;43.15104;75;9.631215;0;0;
44;Arcade;ArcadeCar-899902;2455;23;23;49.13549;300;43.90624;75;8.873847;0;0;
45;Arcade;ArcadeCar-899902;2507;23;23;50.09845;300;42.94942;75;9.52828;0;0;
46;Arcade;ArcadeCar-899902;2446;23;23;48.95319;300;44.11932;75;9.193828;0;0;
47;Arcade;ArcadeCar-899902;2619;23;23;52.39645;300;41.39715;75;12.80822;0;0;
48;Arcade;ArcadeCar-899902;2486;23;23;49.70162;300;43.22432;75;8.940404;0;0;
49;Arcade;ArcadeCar-899902;2505;23;23;50.11935;300;43.06215;75;10.44479;0;0;
50;Arcade;ArcadeCar-899902;2467;23;23;49.29993;300;43.73015;75;8.891939;0;0;
0;Arcade;ArcadeCar-999921;2603;23;23;52.07012;300;41.09431;75;13.23156;0;0;
1;Arcade;ArcadeCar-999921;2624;23;23;52.45224;300;40.97546;75;13.43052;0;0;
2;Arcade;ArcadeCar-999921;2484;23;23;49.70992;300;43.32933;75;10.68026;0;0;
3;Arcade;ArcadeCar-999921;2559;23;23;51.20784;300;41.95334;75;11.90723;0;0;
4;Arcade;ArcadeCar-999921;2496;23;23;49.91615;300;43.29529;75;10.80865;0;0;
5;Arcade;ArcadeCar-999921;2563;23;23;51.23479;300;42.34787;75;11.94393;0;0;
6;Arcade;ArcadeCar-999921;2552;23;23;51.01461;300;42.21332;75;12.09755;0;0;
7;Arcade;ArcadeCar-999921;2512;23;23;50.23089;300;42.67154;75;11.03809;0;0;
8;Arcade;ArcadeCar-999921;2568;23;23;51.40615;300;41.91006;75;12.46255;0;0;
9;Arcade;ArcadeCar-999921;2560;23;23;51.18906;300;42.00164;75;12.17589;0;0;
10;Arcade;ArcadeCar-999921;2502;23;23;50.022;300;42.80906;75;10.61489;0;0;
11;Arcade;ArcadeCar-999921;2468;23;23;49.39645;300;43.08505;75;10.28434;0;0;
12;Arcade;ArcadeCar-999921;2514;23;23;50.23033;300;42.77373;75;11.29104;0;0;
13;Arcade;ArcadeCar-999921;2598;23;23;51.95998;300;41.37618;75;12.95353;0;0;
14;Arcade;ArcadeCar-999921;2607;23;23;52.15505;300;41.43406;75;12.83714;0;0;
15;Arcade;ArcadeCar-999921;2477;23;23;49.5476;300;43.10376;75;10.51919;0;0;
16;Arcade;ArcadeCar-999921;2555;23;23;51.07655;300;42.42982;75;11.47192;0;0;
17;Arcade;ArcadeCar-999921;2506;23;23;50.16469;300;42.74759;75;10.80617;0;0;
18;Arcade;ArcadeCar-999921;2492;23;23;49.81193;300;43.03786;75;10.39227;0;0;
19;Arcade;ArcadeCar-999921;2584;23;23;51.71157;300;41.68895;75;12.11714;0;0;
20;Arcade;ArcadeCar-999921;2573;23;23;51.42556;300;41.91239;75;12.1143;0;0;
21;Arcade;ArcadeCar-999921;2561;23;23;51.25912;300;42.39529;75;11.58444;0;0;
22;Arcade;ArcadeCar-999921;2582;23;23;51.57446;300;42.10897;75;12.23641;0;0;
23;Arcade;ArcadeCar-999921;2516;23;23;50.2294;300;42.53303;75;12.07181;0;0;
24;Arcade;ArcadeCar-999921;2515;23;23;50.42411;300;42.57421;75;12.87701;0;0;
25;Arcade;ArcadeCar-999921;2528;23;23;50.5358;300;42.62848;75;11.14106;0;0;
26;Arcade;ArcadeCar-999921;2518;23;23;50.40698;300;42.81461;75;11.27948;0;0;
27;Arcade;ArcadeCar-999921;2441;23;23;48.77775;300;43.58442;75;9.909706;0;0;
28;Arcade;ArcadeCar-999921;2512;23;23;50.28143;300;42.57918;75;10.98227;0;0;
29;Arcade;ArcadeCar-999921;2552;23;23;50.98734;300;42.36826;75;11.66321;0;0;
30;Arcade;ArcadeCar-999921;2632;23;23;52.67327;300;40.77535;75;13.46213;0;0;
31;Arcade;ArcadeCar-999921;2427;23;23;48.52502;300;44.00434;75;9.061093;0;0;
32;Arcade;ArcadeCar-999921;2501;23;23;50.05414;300;42.90347;75;10.77872;0;0;
33;Arcade;ArcadeCar-999921;2398;23;23;47.9465;300;44.22919;75;8.932762;0;0;
34;Arcade;ArcadeCar-999921;2449;23;23;48.9856;300;43.35335;75;10.54924;0;0;
35;Arcade;ArcadeCar-999921;2584;23;23;51.70623;300;41.58747;75;12.59177;0;0;
36;Arcade;ArcadeCar-999921;2573;23;23;51.44427;300;41.60169;75;12.77152;0;0;
37;Arcade;ArcadeCar-999921;2571;23;23;51.4026;300;41.76407;75;12.47532;0;0;
38;Arcade;ArcadeCar-999921;2545;23;23;50.88217;300;42.0335;75;12.38459;0;0;
39;Arcade;ArcadeCar-999921;2513;23;23;50.2513;300;42.8884;75;10.44944;0;0;
40;Arcade;ArcadeCar-999921;2552;23;23;51.03592;300;42.22642;75;12.02817;0;0;
41;Arcade;ArcadeCar-999921;2460;23;23;49.22931;300;43.81695;75;9.608677;0;0;
42;Arcade;ArcadeCar-999921;2610;23;23;52.2061;300;41.23325;75;12.84105;0;0;
43;Arcade;ArcadeCar-999921;2527;23;23;50.52389;300;42.17471;75;11.58517;0;0;
44;Arcade;ArcadeCar-999921;2576;23;23;51.54489;300;41.74535;75;13.42923;0;0;
45;Arcade;ArcadeCar-999921;2527;23;23;50.53851;300;42.5235;75;11.17349;0;0;
46;Arcade;ArcadeCar-999921;2513;23;23;50.22316;300;42.67931;75;11.33435;0;0;
47;Arcade;ArcadeCar-999921;2619;23;23;52.39808;300;41.26741;75;13.25525;0;0;
48;Arcade;ArcadeCar-999921;2476;23;23;49.48911;300;43.74089;75;9.475571;0;0;
49;Arcade;ArcadeCar-999921;2514;23;23;50.33453;300;42.39742;75;11.28292;0;0;
50;Arcade;ArcadeCar-999921;2432;23;23;48.63083;300;43.67806;75;9.760585;0;0;
0;Arcade;ArcadeCar-1099897;2532;23;23;50.66443;300;42.31566;75;11.90444;0;0;
1;Arcade;ArcadeCar-1099897;2487;23;23;49.68788;300;43.67123;75;9.965462;0;0;
2;Arcade;ArcadeCar-1099897;2451;23;23;49.01344;300;43.84383;75;9.86056;0;0;
3;Arcade;ArcadeCar-1099897;2499;23;23;49.97753;300;43.1439;75;10.12034;0;0;
4;Arcade;ArcadeCar-1099897;2484;23;23;49.69986;300;43.55764;75;10.09863;0;0;
5;Arcade;ArcadeCar-1099897;2588;23;23;51.80362;300;42.1696;75;12.06138;0;0;
6;Arcade;ArcadeCar-1099897;2477;23;23;49.51732;300;43.54219;75;9.829354;0;0;
7;Arcade;ArcadeCar-1099897;2526;23;23;50.52725;300;42.87115;75;10.84808;0;0;
8;Arcade;ArcadeCar-1099897;2527;23;23;50.54657;300;42.67427;75;11.23132;0;0;
9;Arcade;ArcadeCar-1099897;2511;23;23;50.19313;300;43.12817;75;10.90348;0;0;
10;Arcade;ArcadeCar-1099897;2485;23;23;49.71831;300;43.5714;75;10.0989;0;0;
11;Arcade;ArcadeCar-1099897;2525;23;23;50.50037;300;43.1629;75;10.9757;0;0;
12;Arcade;ArcadeCar-1099897;2488;23;23;49.74022;300;43.34677;75;10.85428;0;0;
13;Arcade;ArcadeCar-1099897;2481;23;23;49.61092;300;43.44695;75;10.41125;0;0;
14;Arcade;ArcadeCar-1099897;2551;23;23;50.993;300;42.84689;75;11.17076;0;0;
15;Arcade;ArcadeCar-1099897;2444;23;23;48.8853;300;43.92607;75;9.920181;0;0;
16;Arcade;ArcadeCar-1099897;2524;23;23;50.50768;300;43.18939;75;10.96391;0;0;
17;Arcade;ArcadeCar-1099897;2422;23;23;48.45095;300;44.31131;75;8.907449;0;0;
18;Arcade;ArcadeCar-1099897;2523;23;23;50.4818;300;42.9165;75;10.40828;0;0;
19;Arcade;ArcadeCar-1099897;2395;23;23;47.85467;300;44.04264;75;8.226741;0;0;
20;Arcade;ArcadeCar-1099897;2589;23;23;51.77053;300;42.07298;75;12.77303;0;0;
21;Arcade;ArcadeCar-1099897;2517;23;23;50.37122;300;42.98857;75;10.89331;0;0;
22;Arcade;ArcadeCar-1099897;2449;23;23;48.95486;300;43.69131;75;9.612542;0;0;
23;Arcade;ArcadeCar-1099897;2419;23;23;48.36169;300;44.17649;75;9.133539;0;0;
24;Arcade;ArcadeCar-1099897;2502;23;23;50.04057;300;43.45403;75;10.92845;0;0;
25;Arcade;ArcadeCar-1099897;2466;23;23;49.32013;300;43.66088;75;10.41473;0;0;
26;Arcade;ArcadeCar-1099897;2474;23;23;49.55337;300;43.41966;75;9.969122;0;0;
27;Arcade;ArcadeCar-1099897;2442;23;23;48.80442;300;44.0691;75;10.05114;0;0;
28;Arcade;ArcadeCar-1099897;2570;23;23;51.4072;300;42.37092;75;11.38373;0;0;
29;Arcade;ArcadeCar-1099897;2518;23;23;50.31483;300;42.97515;75;10.75927;0;0;
30;Arcade;ArcadeCar-1099897;2610;23;23;52.15268;300;41.72804;75;12.75811;0;0;
31;Arcade;ArcadeCar-1099897;2550;23;23;51.0448;300;42.5181;75;11.2611;0;0;
32;Arcade;ArcadeCar-1099897;2514;23;23;50.35435;300;43.02135;75;10.76667;0;0;
33;Arcade;ArcadeCar-1099897;2573;23;23;51.4096;300;42.27262;75;12.10199;0;0;
34;Arcade;ArcadeCar-1099897;2570;23;23;51.40387;300;42.15812;75;12.17798;0;0;
35;Arcade;ArcadeCar-1099897;2412;23;23;48.20859;300;44.58817;75;8.740404;0;0;
36;Arcade;ArcadeCar-1099897;2400;23;23;48.02386;300;44.83509;75;8.098551;0;0;
37;Arcade;ArcadeCar-1099897;2439;23;23;48.81791;300;44.16794;75;9.188109;0;0;
38;Arcade;ArcadeCar-1099897;2536;23;23;50.71823;300;42.57129;75;11.36287;0;0;
39;Arcade;ArcadeCar-1099897;2482;23;23;49.61592;300;43.71418;75;10.15011;0;0;
40;Arcade;ArcadeCar-1099897;2349;23;23;46.96537;300;44.9139;75;8.153696;0;0;
41;Arcade;ArcadeCar-1099897;2491;23;23;49.80802;300;43.28189;75;10.25743;0;0;
42;Arcade;ArcadeCar-1099897;2513;23;23;50.27694;300;43.24286;75;10.98862;0;0;
43;Arcade;ArcadeCar-1099897;2464;23;23;49.33275;300;43.72249;75;10.09798;0;0;
44;Arcade;ArcadeCar-1099897;2457;23;23;49.07137;300;43.96144;75;9.444049;0;0;
45;Arcade;ArcadeCar-1099897;2517;23;23;50.38696;300;42.61501;75;10.89247;0;0;
46;Arcade;ArcadeCar-1099897;2723;23;23;54.45037;300;40.11581;75;15.40213;0;0;
47;Arcade;ArcadeCar-1099897;2461;23;23;49.20601;300;43.75935;75;9.632386;0;0;
48;Arcade;ArcadeCar-1099897;2459;23;23;49.22065;300;43.77276;75;9.903943;0;0;
49;Arcade;ArcadeCar-1099897;2545;23;23;50.89011;300;42.69662;75;11.15151;0;0;
50;Arcade;ArcadeCar-1099897;2480;23;23;49.53875;300;43.48475;75;10.18886;0;0;
0;Arcade;ArcadeCar-1199904;2461;23;23;49.27349;300;43.95763;75;9.336292;0;0;
1;Arcade;ArcadeCar-1199904;2487;23;23;49.71022;300;43.35154;75;10.30545;0;0;
2;Arcade;ArcadeCar-1199904;2497;23;23;49.94714;300;43.35479;75;10.48694;0;0;
3;Arcade;ArcadeCar-1199904;2556;23;23;51.10152;300;42.73353;75;11.46826;0;0;
4;Arcade;ArcadeCar-1199904;2453;23;23;49.11878;300;44.12106;75;9.225125;0;0;
5;Arcade;ArcadeCar-1199904;2519;23;23;50.32148;300;43.17723;75;10.7765;0;0;
6;Arcade;ArcadeCar-1199904;2510;23;23;50.26234;300;43.11283;75;10.63877;0;0;
7;Arcade;ArcadeCar-1199904;2542;23;23;50.78467;300;42.77695;75;11.07339;0;0;
8;Arcade;ArcadeCar-1199904;2460;23;23;49.23321;300;43.77552;75;9.663291;0;0;
9;Arcade;ArcadeCar-1199904;2565;23;23;51.31446;300;42.37699;75;11.73985;0;0;
10;Arcade;ArcadeCar-1199904;2504;23;23;50.00599;300;43.41983;75;10.69315;0;0;
11;Arcade;ArcadeCar-1199904;2513;23;23;50.26833;300;42.96914;75;10.93067;0;0;
12;Arcade;ArcadeCar-1199904;2576;23;23;51.58146;300;41.64767;75;11.83311;0;0;
13;Arcade;ArcadeCar-1199904;2492;23;23;49.7855;300;43.31768;75;10.495;0;0;
14;Arcade;ArcadeCar-1199904;2524;23;23;50.48974;300;43.01677;75;10.91381;0;0;
15;Arcade;ArcadeCar-1199904;2502;23;23;50.05715;300;43.1265;75;10.63498;0;0;
16;Arcade;ArcadeCar-1199904;2401;23;23;48.01988;300;44.53759;75;9.053185;0;0;
17;Arcade;ArcadeCar-1199904;2374;23;23;47.45597;300;45.09987;75;7.853177;0;0;
18;Arcade;ArcadeCar-1199904;2516;23;23;50.33941;300;43.00623;75;10.64077;0;0;
19;Arcade;ArcadeCar-1199904;2561;23;23;51.24766;300;42.18798;75;12.17322;0;0;
20;Arcade;ArcadeCar-1199904;2485;23;23;49.64717;300;43.71126;75;10.17491;0;0;
21;Arcade;ArcadeCar-1199904;2567;23;23;51.40931;300;42.66177;75;11.66359;0;0;
22;Arcade;ArcadeCar-1199904;2487;23;23;49.71989;300;43.7211;75;9.834157;0;0;
23;Arcade;ArcadeCar-1199904;2488;23;23;49.72639;300;43.42237;75;10.13594;0;0;
24;Arcade;ArcadeCar-1199904;2598;23;23;51.98023;300;42.08361;75;12.78421;0;0;
25;Arcade;ArcadeCar-1199904;2563;23;23;51.26283;300;42.41529;75;11.88091;0;0;
26;Arcade;ArcadeCar-1199904;2593;23;23;51.81893;300;41.38918;75;12.13629;0;0;
27;Arcade;ArcadeCar-1199904;2502;23;23;50.04816;300;43.08298;75;10.57104;0;0;
28;Arcade;ArcadeCar-1199904;2516;23;23;50.32983;300;42.74047;75;11.12221;0;0;
29;Arcade;ArcadeCar-1199904;2519;23;23;50.3665;300;43.22913;75;11.14101;0;0;
30;Arcade;ArcadeCar-1199904;2519;23;23;50.44316;300;43.27269;75;10.3975;0;0;
31;Arcade;ArcadeCar-1199904;2474;23;23;49.47267;300;43.87059;75;9.387712;0;0;
32;Arcade;ArcadeCar-1199904;2511;23;23;50.18339;300;43.28971;75;10.11925;0;0;
33;Arcade;ArcadeCar-1199904;2732;23;23;54.65892;300;39.35421;75;15.17833;0;0;
34;Arcade;ArcadeCar-1199904;2481;23;23;49.60396;300;43.23321;75;9.961823;0;0;
35;Arcade;ArcadeCar-1199904;2462;23;23;49.21086;300;43.6587;75;10.20864;0;0;
36;Arcade;ArcadeCar-1199904;2513;23;23;50.31678;300;43.32919;75;10.67613;0;0;
37;Arcade;ArcadeCar-1199904;2531;23;23;50.58128;300;43.1282;75;10.60033;0;0;
38;Arcade;ArcadeCar-1199904;2484;23;23;49.72753;300;43.33369;75;10.41797;0;0;
39;Arcade;ArcadeCar-1199904;2585;23;23;51.66413;300;42.12004;75;12.10104;0;0;
40;Arcade;ArcadeCar-1199904;2513;23;23;50.2886;300;43.3079;75;10.40089;0;0;
41;Arcade;ArcadeCar-1199904;2487;23;23;49.72712;300;43.4397;75;8.980158;0;0;
42;Arcade;ArcadeCar-1199904;2518;23;23;50.35235;300;43.11002;75;10.9082;0;0;
43;Arcade;ArcadeCar-1199904;2390;23;23;47.78183;300;44.68281;75;8.534085;0;0;
44;Arcade;ArcadeCar-1199904;2536;23;23;50.74388;300;43.14888;75;10.73944;0;0;
45;Arcade;ArcadeCar-1199904;2571;23;23;51.38681;300;42.40944;75;11.48876;0;0;
46;Arcade;ArcadeCar-1199904;2469;23;23;49.38771;300;43.75484;75;9.528374;0;0;
47;Arcade;ArcadeCar-1199904;2503;23;23;50.06944;300;43.65757;75;9.685144;0;0;
48;Arcade;ArcadeCar-1199904;2537;23;23;50.71535;300;42.81185;75;11.45848;0;0;
49;Arcade;ArcadeCar-1199904;2540;23;23;50.80249;300;42.90971;75;11.72979;0;0;
50;Arcade;ArcadeCar-1199904;2623;23;23;52.52744;300;41.48951;75;13.12827;0;0;
0;Arcade;ArcadeCar-1299965;2808;23;23;56.12568;300;38.11458;75;17.16046;0;0;
1;Arcade;ArcadeCar-1299965;2582;23;23;51.5979;300;41.81598;75;12.76196;0;0;
2;Arcade;ArcadeCar-1299965;2532;23;23;50.6557;300;42.84352;75;11.11236;0;0;
3;Arcade;ArcadeCar-1299965;2544;23;23;50.93673;300;42.5822;75;11.54818;0;0;
4;Arcade;ArcadeCar-1299965;2493;23;23;49.82405;300;43.45033;75;10.53321;0;0;
5;Arcade;ArcadeCar-1299965;2529;23;23;50.61211;300;42.97905;75;10.44095;0;0;
6;Arcade;ArcadeCar-1299965;2511;23;23;50.1867;300;43.45882;75;10.52736;0;0;
7;Arcade;ArcadeCar-1299965;2659;23;23;53.20453;300;40.95799;75;13.69299;0;0;
8;Arcade;ArcadeCar-1299965;2500;23;23;50.01424;300;43.29889;75;11.33312;0;0;
9;Arcade;ArcadeCar-1299965;2483;23;23;49.64296;300;43.53393;75;10.60406;0;0;
10;Arcade;ArcadeCar-1299965;2366;23;23;47.30028;300;44.7188;75;8.974766;0;0;
11;Arcade;ArcadeCar-1299965;2492;23;23;49.86131;300;43.38243;75;10.73796;0;0;
12;Arcade;ArcadeCar-1299965;2580;23;23;51.58952;300;41.55625;75;12.77835;0;0;
13;Arcade;ArcadeCar-1299965;2453;23;23;49.03681;300;43.85406;75;9.720598;0;0;
14;Arcade;ArcadeCar-1299965;917;7;23;300;300;40.86069;75;4.814542;0;0;
15;Arcade;ArcadeCar-1299965;2493;23;23;49.89391;300;43.38681;75;10.61819;0;0;
16;Arcade;ArcadeCar-1299965;2471;23;23;49.38571;300;43.3755;75;9.730053;0;0;
17;Arcade;ArcadeCar-1299965;2578;23;23;51.60247;300;41.98158;75;12.40712;0;0;
18;Arcade;ArcadeCar-1299965;2503;23;23;50.0477;300;43.32226;75;10.85026;0;0;
19;Arcade;ArcadeCar-1299965;2491;23;23;49.84376;300;43.62807;75;10.24836;0;0;
20;Arcade;ArcadeCar-1299965;2459;23;23;49.1548;300;43.66317;75;10.31709;0;0;
21;Arcade;ArcadeCar-1299965;2533;23;23;50.6521;300;42.9304;75;10.93167;0;0;
22;Arcade;ArcadeCar-1299965;2544;23;23;50.87798;300;42.72605;75;11.72806;0;0;
23;Arcade;ArcadeCar-1299965;2499;23;23;50.00837;300;43.36586;75;10.57901;0;0;
24;Arcade;ArcadeCar-1299965;2547;23;23;50.94763;300;42.49534;75;11.48597;0;0;
25;Arcade;ArcadeCar-1299965;2551;23;23;50.97974;300;42.67194;75;11.57019;0;0;
26;Arcade;ArcadeCar-1299965;2525;23;23;50.47772;300;42.69994;75;11.41803;0;0;
27;Arcade;ArcadeCar-1299965;2482;23;23;49.70139;300;43.60503;75;10.45135;0;0;
28;Arcade;ArcadeCar-1299965;2508;23;23;50.10278;300;43.23822;75;11.10495;0;0;
29;Arcade;ArcadeCar-1299965;2502;23;23;50.09818;300;43.02017;75;10.85854;0;0;
30;Arcade;ArcadeCar-1299965;2490;23;23;49.78384;300;43.36353;75;10.59519;0;0;
31;Arcade;ArcadeCar-1299965;2520;23;23;50.41614;300;43.23168;75;11.13365;0;0;
32;Arcade;ArcadeCar-1299965;2442;23;23;48.81932;300;43.8075;75;10.05561;0;0;
33;Arcade;ArcadeCar-1299965;2479;23;23;49.56337;300;43.60254;75;10.56677;0;0;
34;Arcade;ArcadeCar-1299965;2523;23;23;50.4851;300;42.89083;75;11.42867;0;0;
35;Arcade;ArcadeCar-1299965;2494;23;23;49.86926;300;43.34349;75;10.88783;0;0;
36;Arcade;ArcadeCar-1299965;2737;23;23;54.77798;300;39.29263;75;15.59508;0;0;
37;Arcade;ArcadeCar-1299965;2499;23;23;49.91675;300;43.30993;75;10.73201;0;0;
38;Arcade;ArcadeCar-1299965;2611;23;23;52.26572;300;41.65067;75;12.71872;0;0;
39;Arcade;ArcadeCar-1299965;2644;23;23;52.89198;300;41.08724;75;13.7802;0;0;
40;Arcade;ArcadeCar-1299965;2512;23;23;50.20897;300;43.23254;75;10.48439;0;0;
41;Arcade;ArcadeCar-1299965;2469;23;23;49.39112;300;43.71003;75;10.1332;0;0;
42;Arcade;ArcadeCar-1299965;2524;23;23;50.44321;300;42.90858;75;10.98991;0;0;
43;Arcade;ArcadeCar-1299965;2506;23;23;50.16778;300;43.25272;75;11.04153;0;0;
44;Arcade;ArcadeCar-1299965;2502;23;23;49.98732;300;43.33324;75;10.52856;0;0;
45;Arcade;ArcadeCar-1299965;2562;23;23;51.27155;300;42.54128;75;11.99677;0;0;
46;Arcade;ArcadeCar-1299965;2490;23;23;49.77862;300;43.58734;75;10.30515;0;0;
47;Arcade;ArcadeCar-1299965;2691;23;23;53.83873;300;40.55276;75;14.34972;0;0;
48;Arcade;ArcadeCar-1299965;2489;23;23;49.76727;300;43.58042;75;9.90575;0;0;
49;Arcade;ArcadeCar-1299965;2528;23;23;50.58442;300;43.08332;75;11.18942;0;0;
50;Arcade;ArcadeCar-1299965;1528;14;23;300;300;43.59958;75;6.750747;0;0;
0;Arcade;ArcadeCar-1399901;2550;23;23;51.00055;300;42.69138;75;11.03184;0;0;
1;Arcade;ArcadeCar-1399901;2484;23;23;49.67028;300;43.43629;75;10.4903;0;0;
2;Arcade;ArcadeCar-1399901;2517;23;23;50.38141;300;43.06347;75;10.71914;0;0;
3;Arcade;ArcadeCar-1399901;2504;23;23;50.06789;300;43.17641;75;10.54571;0;0;
4;Arcade;ArcadeCar-1399901;2558;23;23;51.14436;300;42.575;75;11.21285;0;0;
5;Arcade;ArcadeCar-1399901;2525;23;23;50.49105;300;42.45108;75;11.5844;0;0;
6;Arcade;ArcadeCar-1399901;2626;23;23;52.52357;300;41.4222;75;13.1503;0;0;
7;Arcade;ArcadeCar-1399901;2595;23;23;51.89944;300;42.00094;75;12.45814;0;0;
8;Arcade;ArcadeCar-1399901;2571;23;23;51.46565;300;42.07017;75;12.02952;0;0;
9;Arcade;ArcadeCar-1399901;2525;23;23;50.50753;300;42.90857;75;11.81191;0;0;
10;Arcade;ArcadeCar-1399901;2606;23;23;52.10944;300;42.19459;75;13.37426;0;0;
11;Arcade;ArcadeCar-1399901;2493;23;23;49.81905;300;43.37963;75;10.06472;0;0;
12;Arcade;ArcadeCar-1399901;2531;23;23;50.6152;300;42.84899;75;11.17422;0;0;
13;Arcade;ArcadeCar-1399901;2510;23;23;50.24954;300;43.36216;75;10.56084;0;0;
14;Arcade;ArcadeCar-1399901;2449;23;23;48.91756;300;43.98538;75;9.644788;0;0;
15;Arcade;ArcadeCar-1399901;2746;23;23;54.93349;300;38.90891;75;16.11119;0;0;
16;Arcade;ArcadeCar-1399901;2481;23;23;49.66277;300;43.63506;75;10.52111;0;0;
17;Arcade;ArcadeCar-1399901;2513;23;23;50.26266;300;43.07159;75;10.44341;0;0;
18;Arcade;ArcadeCar-1399901;2518;23;23;50.34597;300;43.25393;75;11.19424;0;0;
19;Arcade;ArcadeCar-1399901;2508;23;23;50.17377;300;43.14727;75;10.92001;0;0;
20;Arcade;ArcadeCar-1399901;2469;23;23;49.3505;300;43.57938;75;10.40837;0;0;
21;Arcade;ArcadeCar-1399901;2565;23;23;51.33055;300;42.56725;75;11.59105;0;0;
22;Arcade;ArcadeCar-1399901;2397;23;23;47.95543;300;44.63169;75;9.208205;0;0;
23;Arcade;ArcadeCar-1399901;2489;23;23;49.71022;300;43.44181;75;10.27559;0;0;
24;Arcade;ArcadeCar-1399901;2511;23;23;50.2798;300;43.171;75;10.78196;0;0;
25;Arcade;ArcadeCar-1399901;2513;23;23;50.2457;300;42.90643;75;11.06953;0;0;
26;Arcade;ArcadeCar-1399901;2504;23;23;50.06121;300;43.05593;75;11.39755;0;0;
27;Arcade;ArcadeCar-1399901;2458;23;23;49.16418;300;43.74235;75;10.26346;0;0;
28;Arcade;ArcadeCar-1399901;2529;23;23;50.58411;300;43.22884;75;11.20715;0;0;
29;Arcade;ArcadeCar-1399901;2460;23;23;49.18477;300;43.81217;75;9.963464;0;0;
30;Arcade;ArcadeCar-1399901;2576;23;23;51.54572;300;42.34982;75;12.07606;0;0;
31;Arcade;ArcadeCar-1399901;2559;23;23;51.20442;300;42.57647;75;11.21883;0;0;
32;Arcade;ArcadeCar-1399901;2437;23;23;48.72294;300;43.88205;75;9.05236;0;0;
33;Arcade;ArcadeCar-1399901;2483;23;23;49.64323;300;43.45773;75;10.2336;0;0;
34;Arcade;ArcadeCar-1399901;2506;23;23;50.08498;300;43.1573;75;10.81898;0;0;
35;Arcade;ArcadeCar-1399901;2537;23;23;50.77061;300;42.67012;75;11.69558;0;0;
36;Arcade;ArcadeCar-1399901;2510;23;23;50.21642;300;43.13025;75;11.64039;0;0;
37;Arcade;ArcadeCar-1399901;2548;23;23;50.9394;300;42.58071;75;11.52355;0;0;
38;Arcade;ArcadeCar-1399901;2535;23;23;50.68779;300;42.4657;75;12.16079;0;0;
39;Arcade;ArcadeCar-1399901;2512;23;23;50.26318;300;42.92076;75;11.11163;0;0;
40;Arcade;ArcadeCar-1399901;2549;23;23;50.95908;300;42.76743;75;11.29871;0;0;
41;Arcade;ArcadeCar-1399901;2507;23;23;50.13126;300;43.01517;75;11.6838;0;0;
42;Arcade;ArcadeCar-1399901;2454;23;23;49.0852;300;43.76636;75;10.06345;0;0;
43;Arcade;ArcadeCar-1399901;2444;23;23;48.91843;300;43.71904;75;9.702152;0;0;
44;Arcade;ArcadeCar-1399901;2462;23;23;49.22372;300;43.77079;75;10.09209;0;0;
45;Arcade;ArcadeCar-1399901;2804;23;23;56.08074;300;38.41306;75;16.57042;0;0;
46;Arcade;ArcadeCar-1399901;2518;23;23;50.39149;300;43.10218;75;11.01334;0;0;
47;Arcade;ArcadeCar-1399901;2538;23;23;50.72748;300;42.93148;75;11.00651;0;0;
48;Arcade;ArcadeCar-1399901;2526;23;23;50.49004;300;42.80859;75;11.12095;0;0;
49;Arcade;ArcadeCar-1399901;2538;23;23;50.75511;300;42.93604;75;10.97037;0;0;
50;Arcade;ArcadeCar-1399901;2648;23;23;52.98742;300;41.00185;75;13.78269;0;0;
0;Arcade;ArcadeCar-1499922;2496;23;23;49.90612;300;43.44504;75;10.5841;0;0;
1;Arcade;ArcadeCar-1499922;2454;23;23;49.07443;300;44.3129;75;8.740356;0;0;
2;Arcade;ArcadeCar-1499922;2494;23;23;49.92101;300;43.50021;75;10.12632;0;0;
3;Arcade;ArcadeCar-1499922;2566;23;23;51.30672;300;42.68508;75;11.32018;0;0;
4;Arcade;ArcadeCar-1499922;2505;23;23;50.09179;300;43.49356;75;10.37812;0;0;
5;Arcade;ArcadeCar-1499922;2636;23;23;52.74735;300;41.83044;75;12.90459;0;0;
6;Arcade;ArcadeCar-1499922;2526;23;23;50.47992;300;43.35276;75;10.56964;0;0;
7;Arcade;ArcadeCar-1499922;2512;23;23;50.27571;300;43.37914;75;10.70499;0;0;
8;Arcade;ArcadeCar-1499922;2502;23;23;50.02137;300;43.44883;75;10.8616;0;0;
9;Arcade;ArcadeCar-1499922;2510;23;23;50.22103;300;43.24807;75;11.01345;0;0;
10;Arcade;ArcadeCar-1499922;2490;23;23;49.76876;300;43.68283;75;9.934241;0;0;
11;Arcade;ArcadeCar-1499922;2530;23;23;50.61737;300;42.96977;75;11.45778;0;0;
12;Arcade;ArcadeCar-1499922;2526;23;23;50.52939;300;43.17522;75;11.31435;0;0;
13;Arcade;ArcadeCar-1499922;2545;23;23;50.88408;300;42.9557;75;10.69614;0;0;
14;Arcade;ArcadeCar-1499922;2516;23;23;50.29253;300;43.34286;75;10.60653;0;0;
15;Arcade;ArcadeCar-1499922;2494;23;23;49.92745;300;43.46184;75;10.07338;0;0;
16;Arcade;ArcadeCar-1499922;2558;23;23;51.11122;300;42.57579;75;11.40562;0;0;
17;Arcade;ArcadeCar-1499922;2542;23;23;50.86816;300;42.83294;75;11.39875;0;0;
18;Arcade;ArcadeCar-1499922;2593;23;23;51.88168;300;42.3463;75;11.92968;0;0;
19;Arcade;ArcadeCar-1499922;2526;23;23;50.47653;300;43.06058;75;10.71103;0;0;
20;Arcade;ArcadeCar-1499922;2531;23;23;50.6433;300;43.12379;75;10.89038;0;0;
21;Arcade;ArcadeCar-1499922;2521;23;23;50.41465;300;43.35599;75;10.83772;0;0;
22;Arcade;ArcadeCar-1499922;2488;23;23;49.78931;300;43.56855;75;10.11001;0;0;
23;Arcade;ArcadeCar-1499922;2483;23;23;49.63419;300;43.39758;75;10.83161;0;0;
24;Arcade;ArcadeCar-1499922;2557;23;23;51.11925;300;42.76831;75;11.47969;0;0;
25;Arcade;ArcadeCar-1499922;2533;23;23;50.69902;300;43.24991;75;10.96411;0;0;
26;Arcade;ArcadeCar-1499922;2428;23;23;48.53584;300;44.42777;75;8.840882;0;0;
27;Arcade;ArcadeCar-1499922;2529;23;23;50.61097;300;43.01664;75;10.91087;0;0;
28;Arcade;ArcadeCar-1499922;2479;23;23;49.5526;300;43.96796;75;9.583346;0;0;
29;Arcade;ArcadeCar-1499922;2498;23;23;49.97749;300;43.81489;75;9.899272;0;0;
30;Arcade;ArcadeCar-1499922;2512;23;23;50.19867;300;43.26715;75;11.01466;0;0;
31;Arcade;ArcadeCar-1499922;2473;23;23;49.50102;300;43.89214;75;9.993041;0;0;
32;Arcade;ArcadeCar-1499922;2586;23;23;51.66428;300;42.24374;75;12.51422;0;0;
33;Arcade;ArcadeCar-1499922;2471;23;23;49.45793;300;43.65835;75;9.136922;0;0;
34;Arcade;ArcadeCar-1499922;2517;23;23;50.30022;300;43.24756;75;11.1205;0;0;
35;Arcade;ArcadeCar-1499922;2487;23;23;49.78884;300;43.21698;75;9.893725;0;0;
36;Arcade;ArcadeCar-1499922;2505;23;23;50.11309;300;43.44344;75;10.04665;0;0;
37;Arcade;ArcadeCar-1499922;2487;23;23;49.75675;300;43.84584;75;9.790396;0;0;
38;Arcade;ArcadeCar-1499922;2483;23;23;49.60674;300;43.73571;75;10.1406;0;0;
39;Arcade;ArcadeCar-1499922;2499;23;23;49.99733;300;43.69164;75;9.859209;0;0;
40;Arcade;ArcadeCar-1499922;2507;23;23;50.1575;300;43.51948;75;10.65202;0;0;
41;Arcade;ArcadeCar-1499922;2529;23;23;50.56858;300;42.95321;75;11.13047;0;0;
42;Arcade;ArcadeCar-1499922;2495;23;23;49.91687;300;43.61401;75;10.22409;0;0;
43;Arcade;ArcadeCar-1499922;2419;23;23;48.38578;300;44.64538;75;8.636406;0;0;
44;Arcade;ArcadeCar-1499922;2512;23;23;50.17902;300;43.02817;75;10.23895;0;0;
45;Arcade;ArcadeCar-1499922;2473;23;23;49.47515;300;43.33795;75;9.766307;0;0;
46;Arcade;ArcadeCar-1499922;2487;23;23;49.75269;300;43.9107;75;9.776234;0;0;
47;Arcade;ArcadeCar-1499922;2539;23;23;50.76639;300;43.04174;75;11.49889;0;0;
48;Arcade;ArcadeCar-1499922;2487;23;23;49.73671;300;43.36517;75;10.50715;0;0;
49;Arcade;ArcadeCar-1499922;2566;23;23;51.31076;300;42.78578;75;11.52866;0;0;
50;Arcade;ArcadeCar-1499922;2511;23;23;50.22755;300;43.25891;75;10.99668;0;0;
0;Arcade;ArcadeCar-1599872;2479;23;23;49.61845;300;43.47385;75;10.52806;0;0;
1;Arcade;ArcadeCar-1599872;2432;23;23;48.64482;300;44.23082;75;8.728484;0;0;
2;Arcade;ArcadeCar-1599872;2486;23;23;49.69619;300;43.70073;75;10.02648;0;0;
3;Arcade;ArcadeCar-1599872;2467;23;23;49.36958;300;43.21797;75;10.0017;0;0;
4;Arcade;ArcadeCar-1599872;2461;23;23;49.21444;300;43.73062;75;10.29997;0;0;
5;Arcade;ArcadeCar-1599872;2675;23;23;53.49368;300;40.64724;75;14.01255;0;0;
6;Arcade;ArcadeCar-1599872;2459;23;23;49.14965;300;43.76843;75;10.45841;0;0;
7;Arcade;ArcadeCar-1599872;1545;14;23;300;300;43.04733;75;7.036162;0;0;
8;Arcade;ArcadeCar-1599872;2495;23;23;49.9091;300;43.31564;75;10.84402;0;0;
9;Arcade;ArcadeCar-1599872;2538;23;23;50.7462;300;42.891;75;11.90069;0;0;
10;Arcade;ArcadeCar-1599872;2502;23;23;50.05;300;43.52484;75;10.54169;0;0;
11;Arcade;ArcadeCar-1599872;2514;23;23;50.24224;300;43.34502;75;11.45275;0;0;
12;Arcade;ArcadeCar-1599872;2462;23;23;49.18114;300;43.88229;75;9.874056;0;0;
13;Arcade;ArcadeCar-1599872;2496;23;23;50.03856;300;43.33438;75;11.20918;0;0;
14;Arcade;ArcadeCar-1599872;2480;23;23;49.56532;300;43.66352;75;10.10567;0;0;
15;Arcade;ArcadeCar-1599872;2570;23;23;51.40353;300;42.49439;75;12.2128;0;0;
16;Arcade;ArcadeCar-1599872;2512;23;23;50.20709;300;43.12653;75;10.72811;0;0;
17;Arcade;ArcadeCar-1599872;2483;23;23;49.71329;300;43.21493;75;10.57928;0;0;
18;Arcade;ArcadeCar-1599872;2483;23;23;49.6397;300;43.48314;75;10.76626;0;0;
19;Arcade;ArcadeCar-1599872;2487;23;23;49.7649;300;43.53426;75;10.60433;0;0;
20;Arcade;ArcadeCar-1599872;2828;23;23;56.51699;300;38.14311;75;17.59264;0;0;
21;Arcade;ArcadeCar-1599872;2587;23;23;51.76805;300;41.85783;75;12.51186;0;0;
22;Arcade;ArcadeCar-1599872;2689;23;23;53.72314;300;39.82254;75;14.15289;0;0;
23;Arcade;ArcadeCar-1599872;2517;23;23;50.3821;300;43.33645;75;10.37793;0;0;
24;Arcade;ArcadeCar-1599872;2487;23;23;49.7308;300;43.61917;75;10.15516;0;0;
25;Arcade;ArcadeCar-1599872;2459;23;23;49.15318;300;43.99182;75;10.00085;0;0;
26;Arcade;ArcadeCar-1599872;2461;23;23;49.2333;300;43.72012;75;9.256045;0;0;
27;Arcade;ArcadeCar-1599872;2547;23;23;50.97022;300;42.374;75;12.80216;0;0;
28;Arcade;ArcadeCar-1599872;2448;23;23;48.91538;300;43.76599;75;9.616288;0;0;
29;Arcade;ArcadeCar-1599872;2584;23;23;51.72189;300;41.87842;75;12.20171;0;0;
30;Arcade;ArcadeCar-1599872;2767;23;23;55.35848;300;39.09587;75;16.31414;0;0;
31;Arcade;ArcadeCar-1599872;2506;23;23;50.11726;300;43.36488;75;10.88571;0;0;
32;Arcade;ArcadeCar-1599872;2473;23;23;49.45308;300;43.5333;75;10.94466;0;0;
33;Arcade;ArcadeCar-1599872;2561;23;23;51.21921;300;42.64669;75;11.72134;0;0;
34;Arcade;ArcadeCar-1599872;2527;23;23;50.53595;300;42.90111;75;12.30221;0;0;
35;Arcade;ArcadeCar-1599872;2534;23;23;50.67273;300;42.61086;75;11.49405;0;0;
36;Arcade;ArcadeCar-1599872;2574;23;23;51.47775;300;42.19222;75;11.96538;0;0;
37;Arcade;ArcadeCar-1599872;2532;23;23;50.64063;300;42.97465;75;11.58521;0;0;
38;Arcade;ArcadeCar-1599872;2582;23;23;51.617;300;41.66673;75;12.596;0;0;
39;Arcade;ArcadeCar-1599872;2477;23;23;49.57721;300;43.49597;75;11.01396;0;0;
40;Arcade;ArcadeCar-1599872;2494;23;23;49.89155;300;43.66312;75;10.20462;0;0;
41;Arcade;ArcadeCar-1599872;2501;23;23;49.97642;300;43.34539;75;10.88157;0;0;
42;Arcade;ArcadeCar-1599872;2736;23;23;54.74537;300;39.39398;75;15.79177;0;0;
43;Arcade;ArcadeCar-1599872;916;7;23;300;300;41.14091;75;4.885516;0;0;
44;Arcade;ArcadeCar-1599872;2511;23;23;50.28736;300;43.31485;75;11.02629;0;0;
45;Arcade;ArcadeCar-1599872;2571;23;23;51.38089;300;42.63204;75;12.05361;0;0;
46;Arcade;ArcadeCar-1599872;2478;23;23;49.57598;300;43.95579;75;9.891681;0;0;
47;Arcade;ArcadeCar-1599872;2500;23;23;50.01183;300;43.63091;75;10.38829;0;0;
48;Arcade;ArcadeCar-1599872;2487;23;23;49.70094;300;43.3689;75;10.92366;0;0;
49;Arcade;ArcadeCar-1599872;2511;23;23;50.21596;300;43.51866;75;10.4557;0;0;
50;Arcade;ArcadeCar-1599872;2442;23;23;48.8273;300;44.07952;75;9.814882;0;0;
0;Arcade;ArcadeCar-1699989;2451;23;23;49.01391;300;43.47428;75;9.269088;0;0;
1;Arcade;ArcadeCar-1699989;2387;23;23;47.80227;300;44.7732;75;8.690811;0;0;
2;Arcade;ArcadeCar-1699989;2521;23;23;50.37553;300;43.37291;75;10.73747;0;0;
3;Arcade;ArcadeCar-1699989;2435;23;23;48.75426;300;44.12594;75;9.260437;0;0;
4;Arcade;ArcadeCar-1699989;2502;23;23;50.0414;300;43.16027;75;10.58296;0;0;
5;Arcade;ArcadeCar-1699989;2541;23;23;50.78118;300;42.60505;75;11.45234;0;0;
6;Arcade;ArcadeCar-1699989;2449;23;23;48.95487;300;43.90042;75;9.739454;0;0;
7;Arcade;ArcadeCar-1699989;2454;23;23;49.11526;300;43.84372;75;10.42342;0;0;
8;Arcade;ArcadeCar-1699989;2550;23;23;51.03013;300;42.53105;75;11.59;0;0;
9;Arcade;ArcadeCar-1699989;2441;23;23;48.76633;300;44.22523;75;9.279554;0;0;
10;Arcade;ArcadeCar-1699989;2466;23;23;49.36996;300;43.6129;75;9.567459;0;0;
11;Arcade;ArcadeCar-1699989;2498;23;23;49.89022;300;43.60285;75;10.63107;0;0;
12;Arcade;ArcadeCar-1699989;2496;23;23;49.98178;300;43.25029;75;10.85977;0;0;
13;Arcade;ArcadeCar-1699989;2533;23;23;50.63182;300;42.81235;75;10.70813;0;0;
14;Arcade;ArcadeCar-1699989;2469;23;23;49.37148;300;43.93751;75;9.944534;0;0;
15;Arcade;ArcadeCar-1699989;2446;23;23;48.93753;300;43.87451;75;10.16698;0;0;
16;Arcade;ArcadeCar-1699989;2549;23;23;50.98175;300;42.53346;75;11.57803;0;0;
17;Arcade;ArcadeCar-1699989;2724;23;23;54.47161;300;39.61058;75;14.95883;0;0;
18;Arcade;ArcadeCar-1699989;2597;23;23;51.93526;300;41.40091;75;11.69064;0;0;
19;Arcade;ArcadeCar-1699989;2506;23;23;50.14299;300;43.46686;75;9.692618;0;0;
20;Arcade;ArcadeCar-1699989;2503;23;23;50.0104;300;43.35868;75;10.5728;0;0;
21;Arcade;ArcadeCar-1699989;2514;23;23;50.29185;300;42.862;75;11.32557;0;0;
22;Arcade;ArcadeCar-1699989;2514;23;23;50.29881;300;43.05919;75;10.68098;0;0;
23;Arcade;ArcadeCar-1699989;2566;23;23;51.32204;300;42.12225;75;11.39686;0;0;
24;Arcade;ArcadeCar-1699989;2495;23;23;49.89229;300;43.47807;75;10.65237;0;0;
25;Arcade;ArcadeCar-1699989;2501;23;23;50.01461;300;43.3119;75;10.39588;0;0;
26;Arcade;ArcadeCar-1699989;2538;23;23;50.7542;300;42.98563;75;10.84784;0;0;
27;Arcade;ArcadeCar-1699989;2500;23;23;50.04898;300;43.34838;75;9.927593;0;0;
28;Arcade;ArcadeCar-1699989;2597;23;23;51.932;300;41.73423;75;12.06192;0;0;
29;Arcade;ArcadeCar-1699989;2481;23;23;49.63206;300;43.65895;75;10.05379;0;0;
30;Arcade;ArcadeCar-1699989;2609;23;23;52.17324;300;41.84776;75;12.49326;0;0;
31;Arcade;ArcadeCar-1699989;2528;23;23;50.54774;300;43.25463;75;10.5358;0;0;
32;Arcade;ArcadeCar-1699989;2459;23;23;49.13715;300;44.12136;75;9.225746;0;0;
33;Arcade;ArcadeCar-1699989;2500;23;23;49.99122;300;43.07518;75;10.83168;0;0;
34;Arcade;ArcadeCar-1699989;2519;23;23;50.40871;300;43.06165;75;11.35502;0;0;
35;Arcade;ArcadeCar-1699989;2461;23;23;49.19499;300;43.92881;75;9.765815;0;0;
36;Arcade;ArcadeCar-1699989;2468;23;23;49.40827;300;43.76059;75;9.39607;0;0;
37;Arcade;ArcadeCar-1699989;2531;23;23;50.57991;300;43.29898;75;10.91372;0;0;
38;Arcade;ArcadeCar-1699989;2646;23;23;52.97737;300;40.90729;75;13.38332;0;0;
39;Arcade;ArcadeCar-1699989;2490;23;23;49.80285;300;43.18091;75;10.41793;0;0;
40;Arcade;ArcadeCar-1699989;2449;23;23;48.93836;300;44.03757;75;9.771062;0;0;
41;Arcade;ArcadeCar-1699989;2507;23;23;50.16822;300;42.90831;75;10.233;0;0;
42;Arcade;ArcadeCar-1699989;2424;23;23;48.43637;300;44.29751;75;8.368912;0;0;
43;Arcade;ArcadeCar-1699989;2532;23;23;50.63462;300;42.55182;75;11.08211;0;0;
44;Arcade;ArcadeCar-1699989;2474;23;23;49.49137;300;43.69576;75;9.773942;0;0;
45;Arcade;ArcadeCar-1699989;2466;23;23;49.29593;300;43.5465;75;9.816362;0;0;
46;Arcade;ArcadeCar-1699989;2484;23;23;49.74487;300;43.74619;75;10.10419;0;0;
47;Arcade;ArcadeCar-1699989;2567;23;23;51.29824;300;42.52444;75;11.27209;0;0;
48;Arcade;ArcadeCar-1699989;2489;23;23;49.8289;300;43.65195;75;10.0893;0;0;
49;Arcade;ArcadeCar-1699989;2483;23;23;49.64518;300;43.55498;75;10.56621;0;0;
50;Arcade;ArcadeCar-1699989;2491;23;23;49.83948;300;43.38906;75;10.78271;0;0;
0;Arcade;ArcadeCar-1799909;2471;23;23;49.37125;300;43.96646;75;9.485784;0;0;
1;Arcade;ArcadeCar-1799909;2462;23;23;49.28614;300;43.76291;75;10.83768;0;0;
2;Arcade;ArcadeCar-1799909;2474;23;23;49.4396;300;44.04964;75;9.158134;0;0;
3;Arcade;ArcadeCar-1799909;2418;23;23;48.36826;300;44.22455;75;8.223988;0;0;
4;Arcade;ArcadeCar-1799909;2462;23;23;49.21354;300;43.78014;75;9.24459;0;0;
5;Arcade;ArcadeCar-1799909;2559;23;23;51.14262;300;42.71688;75;11.18206;0;0;
6;Arcade;ArcadeCar-1799909;2512;23;23;50.30473;300;43.31299;75;10.35085;0;0;
7;Arcade;ArcadeCar-1799909;2489;23;23;49.72904;300;43.80735;75;10.40829;0;0;
8;Arcade;ArcadeCar-1799909;2515;23;23;50.37327;300;42.95054;75;10.98137;0;0;
9;Arcade;ArcadeCar-1799909;2412;23;23;48.19743;300;44.48402;75;8.949338;0;0;
10;Arcade;ArcadeCar-1799909;2446;23;23;48.96435;300;43.72242;75;9.830531;0;0;
11;Arcade;ArcadeCar-1799909;2482;23;23;49.59234;300;43.79356;75;9.744019;0;0;
12;Arcade;ArcadeCar-1799909;2543;23;23;50.91686;300;42.9702;75;11.98569;0;0;
13;Arcade;ArcadeCar-1799909;2398;23;23;47.91057;300;44.73315;75;8.47117;0;0;
14;Arcade;ArcadeCar-1799909;2508;23;23;50.19661;300;43.41571;75;10.52746;0;0;
15;Arcade;ArcadeCar-1799909;2479;23;23;49.51395;300;43.91323;75;9.357076;0;0;
16;Arcade;ArcadeCar-1799909;2502;23;23;50.06881;300;43.37279;75;10.90355;0;0;
17;Arcade;ArcadeCar-1799909;2496;23;23;49.96916;300;43.52047;75;10.14595;0;0;
18;Arcade;ArcadeCar-1799909;2517;23;23;50.33643;300;43.32703;75;10.58012;0;0;
19;Arcade;ArcadeCar-1799909;2400;23;23;47.96215;300;44.71061;75;9.474179;0;0;
20;Arcade;ArcadeCar-1799909;2501;23;23;50.06195;300;43.35933;75;10.11161;0;0;
21;Arcade;ArcadeCar-1799909;2522;23;23;50.41039;300;43.1381;75;10.94399;0;0;
22;Arcade;ArcadeCar-1799909;2435;23;23;48.6893;300;44.04216;75;9.519666;0;0;
23;Arcade;ArcadeCar-1799909;2440;23;23;48.82033;300;44.01916;75;8.895593;0;0;
24;Arcade;ArcadeCar-1799909;2523;23;23;50.38745;300;43.39761;75;10.27116;0;0;
25;Arcade;ArcadeCar-1799909;2529;23;23;50.61607;300;42.8499;75;10.95738;0;0;
26;Arcade;ArcadeCar-1799909;2626;23;23;52.49727;300;41.95029;75;12.82051;0;0;
27;Arcade;ArcadeCar-1799909;2483;23;23;49.71429;300;43.80667;75;10.04762;0;0;
28;Arcade;ArcadeCar-1799909;2485;23;23;49.69199;300;43.7373;75;10.0784;0;0;
29;Arcade;ArcadeCar-1799909;2410;23;23;48.21136;300;44.44056;75;8.927296;0;0;
30;Arcade;ArcadeCar-1799909;2510;23;23;50.13968;300;43.28994;75;10.81144;0;0;
31;Arcade;ArcadeCar-1799909;2483;23;23;49.69441;300;43.68767;75;10.6599;0;0;
32;Arcade;ArcadeCar-1799909;2624;23;23;52.50969;300;42.18898;75;13.49505;0;0;
33;Arcade;ArcadeCar-1799909;2572;23;23;51.4402;300;42.40863;75;11.81076;0;0;
34;Arcade;ArcadeCar-1799909;2437;23;23;48.65001;300;44.20985;75;9.460146;0;0;
35;Arcade;ArcadeCar-1799909;2503;23;23;50.14499;300;43.58229;75;10.84933;0;0;
36;Arcade;ArcadeCar-1799909;2502;23;23;50.06205;300;43.52055;75;9.829797;0;0;
37;Arcade;ArcadeCar-1799909;2496;23;23;49.91326;300;43.5939;75;9.767704;0;0;
38;Arcade;ArcadeCar-1799909;2512;23;23;50.19223;300;43.49985;75;11.14397;0;0;
39;Arcade;ArcadeCar-1799909;2543;23;23;50.86608;300;42.67287;75;10.97913;0;0;
40;Arcade;ArcadeCar-1799909;2469;23;23;49.36572;300;44.00005;75;8.847108;0;0;
41;Arcade;ArcadeCar-1799909;2521;23;23;50.43449;300;43.12547;75;11.32717;0;0;
42;Arcade;ArcadeCar-1799909;2484;23;23;49.65759;300;43.67393;75;10.3359;0;0;
43;Arcade;ArcadeCar-1799909;2408;23;23;48.15996;300;44.74506;75;9.05188;0;0;
44;Arcade;ArcadeCar-1799909;2442;23;23;48.86308;300;44.25356;75;9.014542;0;0;
45;Arcade;ArcadeCar-1799909;2516;23;23;50.30053;300;43.51963;75;10.99912;0;0;
46;Arcade;ArcadeCar-1799909;2512;23;23;50.23643;300;43.00087;75;10.71737;0;0;
47;Arcade;ArcadeCar-1799909;2482;23;23;49.70623;300;43.44077;75;9.571884;0;0;
48;Arcade;ArcadeCar-1799909;2516;23;23;50.21578;300;43.20549;75;10.76068;0;0;
49;Arcade;ArcadeCar-1799909;2453;23;23;49.06923;300;44.14977;75;9.218009;0;0;
50;Arcade;ArcadeCar-1799909;2468;23;23;49.3246;300;43.63467;75;9.65151;0;0;
0;Arcade;ArcadeCar-1899967;2512;23;23;50.24717;300;43.51664;75;10.54852;0;0;
1;Arcade;ArcadeCar-1899967;2439;23;23;48.80499;300;44.20198;75;9.578636;0;0;
2;Arcade;ArcadeCar-1899967;2477;23;23;49.55764;300;43.82479;75;10.12633;0;0;
3;Arcade;ArcadeCar-1899967;2452;23;23;49.04085;300;43.84328;75;9.29908;0;0;
4;Arcade;ArcadeCar-1899967;2428;23;23;48.57019;300;44.64745;75;8.784989;0;0;
5;Arcade;ArcadeCar-1899967;2551;23;23;51.0228;300;43.04378;75;12.17073;0;0;
6;Arcade;ArcadeCar-1899967;2493;23;23;49.91844;300;43.60289;75;10.23057;0;0;
7;Arcade;ArcadeCar-1899967;2589;23;23;51.71106;300;42.35226;75;12.49086;0;0;
8;Arcade;ArcadeCar-1899967;2500;23;23;50.01812;300;42.99183;75;9.950756;0;0;
9;Arcade;ArcadeCar-1899967;2492;23;23;49.87703;300;43.76094;75;10.54435;0;0;
10;Arcade;ArcadeCar-1899967;2468;23;23;49.30549;300;43.91742;75;9.252555;0;0;
11;Arcade;ArcadeCar-1899967;2483;23;23;49.66021;300;43.81027;75;9.976482;0;0;
12;Arcade;ArcadeCar-1899967;2515;23;23;50.35022;300;43.4951;75;10.79542;0;0;
13;Arcade;ArcadeCar-1899967;2499;23;23;49.99918;300;43.66024;75;9.973783;0;0;
14;Arcade;ArcadeCar-1899967;2495;23;23;49.90506;300;43.76341;75;10.15463;0;0;
15;Arcade;ArcadeCar-1899967;2438;23;23;48.6725;300;44.29963;75;9.099417;0;0;
16;Arcade;ArcadeCar-1899967;2440;23;23;48.86843;300;44.15825;75;9.292779;0;0;
17;Arcade;ArcadeCar-1899967;2504;23;23;50.03919;300;43.37721;75;11.03013;0;0;
18;Arcade;ArcadeCar-1899967;2518;23;23;50.40723;300;43.33955;75;11.08934;0;0;
19;Arcade;ArcadeCar-1899967;2496;23;23;49.86015;300;43.47537;75;10.6061;0;0;
20;Arcade;ArcadeCar-1899967;2468;23;23;49.41494;300;43.87408;75;11.04939;0;0;
21;Arcade;ArcadeCar-1899967;2491;23;23;49.7486;300;43.8391;75;9.554168;0;0;
22;Arcade;ArcadeCar-1899967;2478;23;23;49.56026;300;43.80178;75;10.08017;0;0;
23;Arcade;ArcadeCar-1899967;2504;23;23;50.09612;300;43.32443;75;10.97676;0;0;
24;Arcade;ArcadeCar-1899967;2462;23;23;49.31282;300;43.79993;75;9.939702;0;0;
25;Arcade;ArcadeCar-1899967;2506;23;23;50.07603;300;43.40662;75;10.70243;0;0;
26;Arcade;ArcadeCar-1899967;2511;23;23;50.26815;300;43.37323;75;10.03037;0;0;
27;Arcade;ArcadeCar-1899967;2489;23;23;49.78111;300;43.8564;75;9.779758;0;0;
28;Arcade;ArcadeCar-1899967;2487;23;23;49.71349;300;43.5687;75;10.15754;0;0;
29;Arcade;ArcadeCar-1899967;2510;23;23;50.16262;300;43.6231;75;11.3391;0;0;
30;Arcade;ArcadeCar-1899967;2433;23;23;48.63874;300;43.89534;75;8.923412;0;0;
31;Arcade;ArcadeCar-1899967;2417;23;23;48.36825;300;44.61269;75;8.788626;0;0;
32;Arcade;ArcadeCar-1899967;2492;23;23;49.8149;300;43.77969;75;10.03039;0;0;
33;Arcade;ArcadeCar-1899967;2462;23;23;49.20328;300;44.2333;75;9.187234;0;0;
34;Arcade;ArcadeCar-1899967;2477;23;23;49.62671;300;43.57557;75;9.27679;0;0;
35;Arcade;ArcadeCar-1899967;2485;23;23;49.66612;300;43.84308;75;9.89363;0;0;
36;Arcade;ArcadeCar-1899967;2450;23;23;49.01321;300;44.45524;75;9.442738;0;0;
37;Arcade;ArcadeCar-1899967;2504;23;23;50.01979;300;43.46751;75;10.15328;0;0;
38;Arcade;ArcadeCar-1899967;2491;23;23;49.85662;300;43.8945;75;10.24599;0;0;
39;Arcade;ArcadeCar-1899967;2486;23;23;49.6969;300;43.81692;75;10.06093;0;0;
40;Arcade;ArcadeCar-1899967;2435;23;23;48.7476;300;44.3637;75;8.840658;0;0;
41;Arcade;ArcadeCar-1899967;2524;23;23;50.51535;300;43.22678;75;10.91844;0;0;
42;Arcade;ArcadeCar-1899967;2498;23;23;49.92568;300;43.71386;75;9.904793;0;0;
43;Arcade;ArcadeCar-1899967;2511;23;23;50.15936;300;43.43607;75;10.36444;0;0;
44;Arcade;ArcadeCar-1899967;2421;23;23;48.51638;300;44.57313;75;8.858261;0;0;
45;Arcade;ArcadeCar-1899967;2470;23;23;49.35475;300;43.92106;75;10.00253;0;0;
46;Arcade;ArcadeCar-1899967;2528;23;23;50.55384;300;43.42046;75;10.96819;0;0;
47;Arcade;ArcadeCar-1899967;2468;23;23;49.38325;300;44.02789;75;9.073339;0;0;
48;Arcade;ArcadeCar-1899967;2437;23;23;48.713;300;44.12072;75;10.17136;0;0;
49;Arcade;ArcadeCar-1899967;2474;23;23;49.50213;300;43.82473;75;9.709829;0;0;
50;Arcade;ArcadeCar-1899967;2478;23;23;49.5226;300;43.67733;75;10.2714;0;0;
0;Arcade;ArcadeCar-2000056;2512;23;23;50.23378;300;43.25632;75;10.99815;0;0;
1;Arcade;ArcadeCar-2000056;2496;23;23;49.9;300;43.44398;75;10.56065;0;0;
2;Arcade;ArcadeCar-2000056;2480;23;23;49.67541;300;43.64719;75;9.90488;0;0;
3;Arcade;ArcadeCar-2000056;2476;23;23;49.49575;300;43.90593;75;9.506644;0;0;
4;Arcade;ArcadeCar-2000056;2542;23;23;50.89824;300;42.70948;75;11.60864;0;0;
5;Arcade;ArcadeCar-2000056;2489;23;23;49.74557;300;43.63567;75;10.60032;0;0;
6;Arcade;ArcadeCar-2000056;2470;23;23;49.40258;300;43.56635;75;9.74323;0;0;
7;Arcade;ArcadeCar-2000056;2487;23;23;49.75002;300;43.66912;75;10.44892;0;0;
8;Arcade;ArcadeCar-2000056;2416;23;23;48.27827;300;44.55691;75;9.429349;0;0;
9;Arcade;ArcadeCar-2000056;2701;23;23;53.9861;300;39.92546;75;14.13483;0;0;
10;Arcade;ArcadeCar-2000056;2480;23;23;49.63051;300;43.6339;75;10.31913;0;0;
11;Arcade;ArcadeCar-2000056;2471;23;23;49.30935;300;43.43172;75;11.06301;0;0;
12;Arcade;ArcadeCar-2000056;2517;23;23;50.49102;300;43.2355;75;9.861561;0;0;
13;Arcade;ArcadeCar-2000056;2542;23;23;50.7798;300;42.9097;75;10.98008;0;0;
14;Arcade;ArcadeCar-2000056;2539;23;23;50.82338;300;42.70084;75;11.09349;0;0;
15;Arcade;ArcadeCar-2000056;2417;23;23;48.36643;300;44.05201;75;9.15242;0;0;
16;Arcade;ArcadeCar-2000056;2506;23;23;50.07887;300;43.44899;75;10.44738;0;0;
17;Arcade;ArcadeCar-2000056;2661;23;23;53.25916;300;40.29214;75;13.4248;0;0;
18;Arcade;ArcadeCar-2000056;2446;23;23;48.91019;300;44.29183;75;9.249606;0;0;
19;Arcade;ArcadeCar-2000056;2492;23;23;49.82696;300;43.37107;75;10.89566;0;0;
20;Arcade;ArcadeCar-2000056;2481;23;23;49.55359;300;43.27565;75;11.51397;0;0;
21;Arcade;ArcadeCar-2000056;2458;23;23;49.21927;300;43.7642;75;10.17515;0;0;
22;Arcade;ArcadeCar-2000056;2489;23;23;49.73121;300;43.26536;75;10.65335;0;0;
23;Arcade;ArcadeCar-2000056;2454;23;23;49.07176;300;44.03809;75;9.50981;0;0;
24;Arcade;ArcadeCar-2000056;2465;23;23;49.39193;300;43.9421;75;9.785317;0;0;
25;Arcade;ArcadeCar-2000056;2517;23;23;50.35301;300;43.27395;75;10.57629;0;0;
26;Arcade;ArcadeCar-2000056;2349;23;23;46.95102;300;45.25564;75;8.976199;0;0;
27;Arcade;ArcadeCar-2000056;2505;23;23;50.12415;300;43.57784;75;10.23811;0;0;
28;Arcade;ArcadeCar-2000056;2498;23;23;49.93271;300;43.58164;75;10.37801;0;0;
29;Arcade;ArcadeCar-2000056;2471;23;23;49.38846;300;44.09539;75;9.530066;0;0;
30;Arcade;ArcadeCar-2000056;2455;23;23;49.08754;300;44.09385;75;9.832282;0;0;
31;Arcade;ArcadeCar-2000056;2462;23;23;49.27119;300;43.8705;75;9.951759;0;0;
32;Arcade;ArcadeCar-2000056;2481;23;23;49.58062;300;43.47109;75;9.881152;0;0;
33;Arcade;ArcadeCar-2000056;2495;23;23;49.97057;300;43.64798;75;10.05438;0;0;
34;Arcade;ArcadeCar-2000056;2454;23;23;49.06228;300;43.58593;75;9.488316;0;0;
35;Arcade;ArcadeCar-2000056;2467;23;23;49.31625;300;43.7985;75;9.871204;0;0;
36;Arcade;ArcadeCar-2000056;2464;23;23;49.26973;300;43.80889;75;9.942019;0;0;
37;Arcade;ArcadeCar-2000056;2453;23;23;49.04778;300;44.02517;75;9.150516;0;0;
38;Arcade;ArcadeCar-2000056;2433;23;23;48.61149;300;44.36586;75;9.213882;0;0;
39;Arcade;ArcadeCar-2000056;2491;23;23;47.99448;300;43.47888;75;10.5563;0;0;
40;Arcade;ArcadeCar-2000056;2462;23;23;51.17373;300;44.17564;75;11.3693;0;0;
41;Arcade;ArcadeCar-2000056;2528;23;23;50.55264;300;42.92361;75;10.66432;0;0;
42;Arcade;ArcadeCar-2000056;2433;23;23;48.68321;300;44.02649;75;9.688356;0;0;
43;Arcade;ArcadeCar-2000056;2492;23;23;49.8268;300;43.55537;75;10.58718;0;0;
44;Arcade;ArcadeCar-2000056;2344;23;23;46.89489;300;45.56783;75;7.162774;0;0;
45;Arcade;ArcadeCar-2000056;2472;23;23;49.42843;300;43.7528;75;9.738127;0;0;
46;Arcade;ArcadeCar-2000056;2515;23;23;50.20185;300;43.12358;75;10.75494;0;0;
47;Arcade;ArcadeCar-2000056;2476;23;23;49.51456;300;43.06078;75;10.43937;0;0;
48;Arcade;ArcadeCar-2000056;2443;23;23;48.87928;300;44.04111;75;9.911886;0;0;
49;Arcade;ArcadeCar-2000056;2439;23;23;48.80206;300;44.02601;75;8.411851;0;0;
50;Arcade;ArcadeCar-2000056;2462;23;23;49.25026;300;44.02268;75;10.35068;0;0;
